employee_id,month,department,overtime,performance_rating,job_satisfaction,environment_satisfaction,years_with_manager,complaint_from_team,complaint_about_job,volunteering,behavioral_change_flag,true_simulated_risk_pct,left_company
1,2025-01-01,Engineering,0,3,2.9,3.2,0.9,0,0,0,0,4.2,0
1,2025-02-01,Engineering,0,3,2.2,3.2,1.0,0,0,1,0,3.2,0
1,2025-03-01,Engineering,0,3,2.2,3.2,1.1,0,1,0,0,9.9,0
1,2025-04-01,Engineering,0,4,2.3,3.7,1.1,0,0,0,0,5.0,0
1,2025-05-01,Engineering,1,3,2.9,3.0,1.2,0,0,0,0,9.9,0
1,2025-06-01,Engineering,0,2,2.7,4.0,1.3,0,0,0,0,2.9,0
1,2025-07-01,Engineering,1,2,3.0,3.4,1.4,0,0,0,0,7.3,0
1,2025-08-01,Engineering,0,3,2.9,3.9,1.5,0,0,0,0,3.2,0
1,2025-09-01,Engineering,0,2,2.9,4.0,1.6,0,0,1,0,1.6,0
1,2025-10-01,Engineering,0,3,2.7,4.1,1.6,0,0,0,0,3.2,0
1,2025-11-01,Engineering,1,3,2.8,3.4,1.7,0,0,1,0,5.4,0
1,2025-12-01,Engineering,0,3,2.2,3.4,1.8,0,1,0,0,8.7,0
2,2025-01-01,Engineering,0,3,3.0,1.8,1.8,0,1,0,0,10.4,0
2,2025-02-01,Engineering,1,3,3.6,1.6,1.9,0,0,1,0,6.8,0
2,2025-03-01,Engineering,0,2,3.2,1.9,2.0,0,0,1,0,2.6,1
3,2025-01-01,Engineering,1,2,4.2,3.7,1.0,0,0,0,0,4.7,0
3,2025-02-01,Engineering,0,4,4.1,4.4,1.1,0,0,1,0,1.4,0
3,2025-03-01,Engineering,0,5,4.5,3.3,1.2,0,1,1,0,3.7,0
3,2025-04-01,Engineering,0,3,4.3,3.8,1.2,0,0,0,0,2.1,0
3,2025-05-01,Engineering,0,2,4.2,4.4,1.3,0,0,1,0,1.0,0
3,2025-06-01,Engineering,0,4,3.7,4.4,1.4,0,0,1,0,1.5,0
3,2025-07-01,Engineering,0,4,3.9,3.7,1.5,0,1,1,1,6.0,0
3,2025-08-01,Engineering,0,3,4.2,3.5,1.6,0,1,0,0,4.5,0
3,2025-09-01,Engineering,1,4,4.2,4.6,1.7,0,0,1,0,2.8,0
3,2025-10-01,Engineering,1,4,4.4,3.3,1.8,0,0,1,0,3.7,0
3,2025-11-01,Engineering,0,4,4.6,3.8,1.8,0,0,1,0,1.3,0
3,2025-12-01,Engineering,0,3,3.4,3.7,1.9,0,0,1,0,1.7,0
4,2025-01-01,Operations,1,3,3.1,2.0,3.1,0,0,1,0,6.3,0
4,2025-02-01,Operations,1,3,3.0,3.2,3.2,0,0,0,0,7.3,0
4,2025-03-01,Operations,1,3,2.4,3.5,3.3,0,0,0,0,8.0,0
4,2025-04-01,Operations,1,4,3.7,2.0,3.4,0,0,1,0,5.7,0
4,2025-05-01,Operations,0,5,2.7,3.6,3.4,0,0,0,0,4.0,0
4,2025-06-01,Operations,0,5,3.5,2.6,3.5,0,0,1,0,2.5,0
4,2025-07-01,Operations,0,3,2.7,2.7,3.6,0,1,0,0,7.3,0
4,2025-08-01,Operations,0,4,2.9,2.9,3.7,1,0,0,0,6.1,1
5,2025-01-01,Sales,1,3,2.8,2.8,1.9,0,0,1,0,6.3,0
5,2025-02-01,Sales,0,4,2.8,2.1,2.0,0,0,1,0,3.7,0
5,2025-03-01,Sales,1,2,2.9,3.1,2.1,1,0,1,0,7.6,0
5,2025-04-01,Sales,0,3,2.8,3.9,2.1,0,0,0,0,3.1,0
5,2025-05-01,Sales,1,4,2.8,3.0,2.2,0,0,1,0,6.6,0
5,2025-06-01,Sales,0,4,3.8,2.7,2.3,0,0,0,0,3.5,0
5,2025-07-01,Sales,0,3,3.7,2.7,2.4,1,1,1,0,6.0,0
5,2025-08-01,Sales,1,1,3.9,2.8,2.5,0,0,0,0,5.0,0
5,2025-09-01,Sales,1,3,3.4,3.0,2.6,0,0,1,0,4.5,0
5,2025-10-01,Sales,0,3,3.6,3.2,2.6,0,0,1,0,1.7,0
5,2025-11-01,Sales,0,3,3.1,3.4,2.7,0,0,0,0,3.0,0
5,2025-12-01,Sales,0,1,3.3,3.2,2.8,0,1,1,1,4.7,0
6,2025-01-01,Customer Support,0,3,3.8,3.6,5.2,0,1,0,0,3.3,0
6,2025-02-01,Customer Support,1,3,4.0,2.6,5.3,0,0,1,0,3.0,0
6,2025-03-01,Customer Support,1,2,4.6,3.9,5.4,1,0,0,0,3.8,0
6,2025-04-01,Customer Support,1,2,4.1,4.3,5.5,0,0,1,0,1.5,0
6,2025-05-01,Customer Support,0,5,4.0,4.4,5.5,0,1,1,0,1.9,0
6,2025-06-01,Customer Support,1,5,4.3,3.6,5.6,0,0,1,0,2.6,0
6,2025-07-01,Customer Support,1,3,4.0,2.7,5.7,0,0,1,0,2.8,0
6,2025-08-01,Customer Support,0,3,4.3,3.6,5.8,1,0,0,0,2.1,0
6,2025-09-01,Customer Support,0,2,3.3,4.0,5.9,0,1,1,0,1.7,0
6,2025-10-01,Customer Support,0,2,3.6,3.1,6.0,0,0,1,0,1.0,0
6,2025-11-01,Customer Support,0,3,4.3,3.5,6.0,0,0,0,0,1.3,0
6,2025-12-01,Customer Support,0,3,2.8,4.2,6.1,0,0,0,0,1.8,0
7,2025-01-01,Engineering,0,2,2.0,2.4,2.3,0,0,1,0,3.2,0
7,2025-02-01,Engineering,1,2,2.5,3.9,2.4,0,0,0,0,6.7,0
7,2025-03-01,Engineering,0,4,1.6,3.2,2.5,1,1,0,0,17.9,1
8,2025-01-01,Sales,0,1,3.3,3.2,1.7,0,0,0,0,2.5,0
8,2025-02-01,Sales,1,3,4.0,3.8,1.8,0,0,0,0,5.2,0
8,2025-03-01,Sales,0,3,2.8,2.2,1.9,0,0,0,0,5.1,0
8,2025-04-01,Sales,0,4,2.6,3.4,1.9,0,0,0,0,4.5,0
8,2025-05-01,Sales,0,3,3.0,3.3,2.0,0,0,1,0,2.1,0
8,2025-06-01,Sales,0,5,3.2,3.5,2.1,0,0,1,0,2.5,0
8,2025-07-01,Sales,0,3,1.8,3.5,2.2,0,0,1,0,2.9,0
8,2025-08-01,Sales,1,2,2.5,3.2,2.3,1,1,0,0,23.0,0
8,2025-09-01,Sales,0,4,3.0,2.8,2.4,0,0,0,0,4.4,0
8,2025-10-01,Sales,1,4,2.8,3.4,2.5,0,0,1,0,5.7,0
8,2025-11-01,Sales,1,3,2.7,3.5,2.5,0,0,0,0,8.0,0
8,2025-12-01,Sales,0,4,3.0,3.4,2.6,0,0,1,0,2.2,0
9,2025-01-01,Engineering,1,5,3.4,3.4,5.2,0,0,1,0,4.0,0
9,2025-02-01,Engineering,1,4,3.0,3.7,5.3,0,1,1,0,6.9,0
9,2025-03-01,Engineering,1,5,3.3,3.0,5.4,0,0,0,0,7.2,0
9,2025-04-01,Engineering,0,3,2.9,3.6,5.5,0,0,0,0,2.2,0
9,2025-05-01,Engineering,0,3,2.4,3.7,5.5,0,0,0,0,2.5,0
9,2025-06-01,Engineering,0,3,2.7,3.3,5.6,1,0,0,0,4.1,0
9,2025-07-01,Engineering,0,3,3.1,4.6,5.7,0,0,1,0,0.9,0
9,2025-08-01,Engineering,0,2,2.5,3.4,5.8,0,1,1,0,2.7,0
9,2025-09-01,Engineering,0,3,3.0,3.6,5.9,0,0,0,0,2.0,0
9,2025-10-01,Engineering,0,3,3.1,3.3,6.0,0,0,0,0,2.1,0
9,2025-11-01,Engineering,1,3,3.2,4.2,6.0,0,0,1,0,2.3,0
9,2025-12-01,Engineering,0,2,2.2,4.2,6.1,1,1,0,0,5.9,0
10,2025-01-01,Engineering,0,2,3.5,2.8,2.5,0,0,0,0,2.8,0
10,2025-02-01,Engineering,0,3,3.4,2.1,2.6,0,1,1,0,4.8,0
10,2025-03-01,Engineering,0,2,4.0,3.3,2.7,0,0,0,0,2.0,0
10,2025-04-01,Engineering,1,4,4.5,3.1,2.8,0,0,1,0,3.4,0
10,2025-05-01,Engineering,0,3,3.8,1.6,2.8,0,0,0,0,3.9,0
10,2025-06-01,Engineering,0,4,4.8,2.2,2.9,1,0,0,0,4.4,0
10,2025-07-01,Engineering,0,3,3.4,1.5,3.0,0,0,0,0,4.5,0
10,2025-08-01,Engineering,1,4,3.0,2.1,3.1,0,0,0,0,11.4,0
10,2025-09-01,Engineering,0,2,3.6,2.8,3.2,0,0,1,0,1.5,0
10,2025-10-01,Engineering,0,3,3.0,2.3,3.2,1,1,0,0,12.2,0
10,2025-11-01,Engineering,0,4,3.8,2.5,3.3,1,1,1,1,11.1,0
10,2025-12-01,Engineering,0,3,3.0,2.6,3.4,0,0,0,0,3.6,0
11,2025-01-01,Sales,0,4,3.6,1.3,4.7,0,1,0,1,14.0,0
11,2025-02-01,Sales,1,4,4.1,1.6,4.8,0,0,1,0,4.8,0
11,2025-03-01,Sales,1,2,2.6,1.5,4.9,0,0,0,0,9.6,0
11,2025-04-01,Sales,0,4,2.5,1.3,5.0,0,0,1,1,6.5,0
11,2025-05-01,Sales,0,5,3.2,2.5,5.0,0,0,0,0,3.8,0
11,2025-06-01,Sales,1,5,3.2,1.9,5.1,1,1,1,1,29.9,1
12,2025-01-01,Engineering,1,3,3.4,5.0,0.9,0,0,1,0,3.1,0
12,2025-02-01,Engineering,1,4,4.0,4.6,1.0,0,0,1,0,3.2,0
12,2025-03-01,Engineering,1,2,3.8,4.4,1.1,0,1,1,0,5.3,0
12,2025-04-01,Engineering,1,2,4.4,3.5,1.1,0,0,1,0,2.9,0
12,2025-05-01,Engineering,1,4,4.1,4.3,1.2,0,0,1,0,3.3,0
12,2025-06-01,Engineering,1,4,3.6,3.6,1.3,0,0,1,0,4.8,0
12,2025-07-01,Engineering,0,4,3.0,4.0,1.4,0,0,0,0,3.5,0
12,2025-08-01,Engineering,1,3,4.0,4.1,1.5,0,0,1,0,3.0,0
12,2025-09-01,Engineering,1,3,3.6,3.9,1.6,0,0,1,0,3.7,0
12,2025-10-01,Engineering,1,3,3.9,3.8,1.6,0,0,0,0,5.5,0
12,2025-11-01,Engineering,1,2,3.6,3.4,1.7,0,0,0,0,5.8,0
12,2025-12-01,Engineering,1,3,3.6,3.5,1.8,1,0,1,0,6.4,0
13,2025-01-01,Operations,0,3,3.7,3.6,1.4,0,1,0,1,9.2,0
13,2025-02-01,Operations,1,3,4.1,3.5,1.5,0,0,0,0,5.7,0
13,2025-03-01,Operations,1,2,3.8,3.3,1.6,0,0,1,0,3.5,0
13,2025-04-01,Operations,0,3,3.5,3.7,1.6,0,0,0,0,2.7,0
13,2025-05-01,Operations,0,4,3.3,3.3,1.7,0,0,0,0,3.7,0
13,2025-06-01,Operations,0,4,5.0,3.1,1.8,0,0,0,0,2.2,0
13,2025-07-01,Operations,0,3,3.8,3.1,1.9,0,0,1,0,1.7,0
13,2025-08-01,Operations,0,3,4.0,2.8,2.0,0,0,1,0,1.7,0
13,2025-09-01,Operations,1,4,4.2,2.9,2.1,0,0,1,0,4.3,0
13,2025-10-01,Operations,0,4,4.0,4.2,2.1,0,0,0,0,2.2,0
13,2025-11-01,Operations,1,2,3.6,3.5,2.2,0,0,1,0,3.3,0
13,2025-12-01,Operations,1,4,3.3,3.4,2.3,0,0,0,0,7.9,0
14,2025-01-01,Operations,0,2,4.9,3.9,2.6,0,1,1,0,1.5,0
14,2025-02-01,Operations,1,5,4.1,3.3,2.7,0,0,0,0,6.9,0
14,2025-03-01,Operations,0,3,3.7,3.1,2.8,0,0,1,0,1.6,0
14,2025-04-01,Operations,0,3,4.0,3.9,2.9,0,0,0,0,1.9,0
14,2025-05-01,Operations,1,2,3.7,2.9,2.9,0,0,0,0,5.7,0
14,2025-06-01,Operations,0,3,4.3,4.5,3.0,0,0,1,0,0.8,0
14,2025-07-01,Operations,0,3,3.6,3.9,3.1,1,0,0,0,3.4,0
14,2025-08-01,Operations,0,3,3.6,3.9,3.2,0,1,1,0,2.5,0
14,2025-09-01,Operations,0,3,4.4,2.9,3.3,0,0,0,0,2.1,0
14,2025-10-01,Operations,0,5,4.0,3.6,3.4,0,1,0,0,5.0,0
14,2025-11-01,Operations,1,3,4.9,4.4,3.4,0,0,1,0,1.6,0
14,2025-12-01,Operations,0,3,3.3,4.7,3.5,0,0,1,1,1.9,0
15,2025-01-01,Operations,0,4,4.1,2.3,4.7,0,0,1,0,1.6,0
15,2025-02-01,Operations,1,2,4.0,2.6,4.8,0,0,0,0,4.5,0
15,2025-03-01,Operations,0,2,3.8,2.5,4.9,0,0,1,0,1.3,0
15,2025-04-01,Operations,0,3,3.9,3.7,5.0,0,0,0,0,1.6,0
15,2025-05-01,Operations,0,5,4.3,3.5,5.0,0,1,0,0,3.9,1
16,2025-01-01,Customer Support,0,4,3.5,3.4,5.6,0,0,0,0,2.2,0
16,2025-02-01,Customer Support,1,1,3.8,3.9,5.7,0,0,0,0,2.6,0
16,2025-03-01,Customer Support,0,4,4.5,3.2,5.8,0,0,0,1,2.8,0
16,2025-04-01,Customer Support,1,3,3.6,3.4,5.8,0,0,1,0,2.6,0
16,2025-05-01,Customer Support,0,3,4.2,3.0,5.9,1,0,0,0,2.6,0
16,2025-06-01,Customer Support,1,5,3.2,3.2,6.0,0,0,0,0,6.6,0
16,2025-07-01,Customer Support,0,2,4.2,3.9,6.1,0,0,0,0,1.0,0
16,2025-08-01,Customer Support,1,4,3.2,2.4,6.2,0,0,1,0,4.4,0
16,2025-09-01,Customer Support,1,1,2.8,3.4,6.3,0,0,1,0,2.4,0
16,2025-10-01,Customer Support,0,3,3.5,2.7,6.3,0,0,1,0,1.3,0
16,2025-11-01,Customer Support,0,3,3.0,2.5,6.4,0,1,0,0,5.1,0
16,2025-12-01,Customer Support,0,3,3.3,2.6,6.5,0,0,1,0,1.4,0
17,2025-01-01,Customer Support,1,2,3.7,3.3,0.9,0,0,1,0,3.9,0
17,2025-02-01,Customer Support,0,4,3.9,2.4,1.0,0,0,1,0,2.6,0
17,2025-03-01,Customer Support,0,2,4.7,2.4,1.1,0,1,1,1,5.2,0
17,2025-04-01,Customer Support,0,3,4.2,3.2,1.1,0,0,1,0,1.6,0
17,2025-05-01,Customer Support,0,4,3.7,3.0,1.2,0,0,1,0,2.3,0
17,2025-06-01,Customer Support,0,3,3.9,1.7,1.3,0,0,0,0,4.4,0
17,2025-07-01,Customer Support,1,3,3.9,3.0,1.4,0,0,1,0,4.4,0
17,2025-08-01,Customer Support,0,4,3.0,2.4,1.5,0,0,0,0,5.5,0
17,2025-09-01,Customer Support,0,4,3.4,2.7,1.6,0,0,0,0,4.3,0
17,2025-10-01,Customer Support,0,2,4.1,3.2,1.6,0,0,1,0,1.4,0
17,2025-11-01,Customer Support,0,5,4.2,2.8,1.7,0,0,0,0,3.7,0
17,2025-12-01,Customer Support,0,4,3.2,3.0,1.8,0,0,0,1,7.3,0
18,2025-01-01,Operations,0,3,1.8,2.6,3.3,0,1,0,0,10.4,0
18,2025-02-01,Operations,0,3,2.5,3.2,3.4,0,0,1,0,2.2,0
18,2025-03-01,Operations,0,2,3.1,3.2,3.5,0,0,1,0,1.5,0
18,2025-04-01,Operations,0,3,3.3,2.5,3.5,0,0,0,0,3.3,1
19,2025-01-01,Operations,0,4,3.6,3.3,1.8,0,0,0,0,3.3,0
19,2025-02-01,Operations,0,4,3.9,2.1,1.9,0,0,1,0,2.6,0
19,2025-03-01,Operations,0,3,4.0,3.6,2.0,0,0,1,0,1.4,0
19,2025-04-01,Operations,1,3,2.6,1.9,2.0,0,1,0,0,23.7,1
20,2025-01-01,Operations,1,4,2.3,2.0,4.9,0,1,0,0,21.5,0
20,2025-02-01,Operations,0,3,1.9,2.3,5.0,0,1,0,0,9.1,0
20,2025-03-01,Operations,1,3,3.0,2.9,5.1,0,0,0,0,6.4,0
20,2025-04-01,Operations,0,3,2.1,2.2,5.2,0,1,1,0,5.4,0
20,2025-05-01,Operations,1,3,2.0,1.7,5.2,0,1,0,0,21.7,0
20,2025-06-01,Operations,0,2,1.3,2.1,5.3,1,1,0,0,15.2,0
20,2025-07-01,Operations,1,2,1.0,3.1,5.4,0,1,0,1,28.3,0
20,2025-08-01,Operations,1,3,1.4,3.5,5.5,0,0,0,0,8.7,0
20,2025-09-01,Operations,1,3,1.5,2.8,5.6,1,0,0,0,15.6,0
20,2025-10-01,Operations,1,4,2.2,1.0,5.7,0,0,0,0,14.8,0
20,2025-11-01,Operations,0,4,1.9,2.6,5.7,0,1,1,0,5.6,0
20,2025-12-01,Operations,1,4,1.0,1.7,5.8,0,0,0,0,17.4,0
21,2025-01-01,Sales,0,3,4.0,1.9,5.6,0,0,1,0,1.5,0
21,2025-02-01,Sales,0,3,3.3,1.0,5.7,0,0,0,0,4.0,0
21,2025-03-01,Sales,1,3,3.6,2.0,5.8,0,0,0,0,6.3,0
21,2025-04-01,Sales,1,2,3.0,1.8,5.8,0,0,0,0,7.0,1
22,2025-01-01,Operations,0,2,4.4,3.4,2.5,0,1,0,0,3.4,0
22,2025-02-01,Operations,1,2,4.6,2.7,2.6,1,0,0,0,7.4,0
22,2025-03-01,Operations,0,5,4.6,3.1,2.7,0,0,0,0,2.6,0
22,2025-04-01,Operations,0,4,5.0,3.3,2.8,0,0,1,0,1.1,0
22,2025-05-01,Operations,0,2,5.0,2.9,2.8,0,0,1,0,0.9,0
22,2025-06-01,Operations,0,3,4.6,3.0,2.9,0,0,1,0,1.2,0
22,2025-07-01,Operations,1,3,4.1,3.6,3.0,0,1,1,0,5.6,0
22,2025-08-01,Operations,0,3,4.7,2.9,3.1,0,0,0,0,1.9,0
22,2025-09-01,Operations,0,3,3.4,3.5,3.2,0,0,1,1,2.7,0
22,2025-10-01,Operations,1,2,4.4,3.9,3.2,0,1,1,0,3.9,0
22,2025-11-01,Operations,0,4,4.0,3.1,3.3,0,0,0,0,2.6,0
22,2025-12-01,Operations,0,3,4.4,3.6,3.4,0,1,1,0,2.0,0
23,2025-01-01,Operations,0,3,4.1,2.6,0.1,0,0,1,0,2.2,0
23,2025-02-01,Operations,1,5,3.4,2.3,0.2,0,0,0,0,14.8,0
23,2025-03-01,Operations,0,1,3.5,2.0,0.3,0,0,0,0,3.9,0
23,2025-04-01,Operations,0,4,3.8,1.7,0.3,0,0,1,0,3.6,0
23,2025-05-01,Operations,1,4,3.8,1.9,0.4,0,0,1,0,8.0,0
23,2025-06-01,Operations,0,4,3.7,1.5,0.5,0,0,0,0,6.3,0
23,2025-07-01,Operations,1,3,3.6,2.8,0.6,0,0,1,0,5.6,0
23,2025-08-01,Operations,0,2,2.1,2.5,0.7,0,1,0,0,11.2,1
24,2025-01-01,Customer Support,0,4,4.1,3.3,5.2,0,0,1,0,1.2,0
24,2025-02-01,Customer Support,1,4,3.8,3.3,5.3,0,0,0,0,4.9,0
24,2025-03-01,Customer Support,0,3,3.2,3.5,5.4,0,0,0,0,2.0,0
24,2025-04-01,Customer Support,1,4,4.1,3.5,5.5,0,0,1,0,2.5,0
24,2025-05-01,Customer Support,0,3,4.1,3.7,5.5,0,0,1,0,0.9,0
24,2025-06-01,Customer Support,1,4,5.0,2.2,5.6,0,0,1,0,2.7,0
24,2025-07-01,Customer Support,0,3,4.6,4.0,5.7,0,0,1,0,0.6,0
24,2025-08-01,Customer Support,0,4,4.0,3.9,5.8,0,0,0,0,1.5,0
24,2025-09-01,Customer Support,0,4,3.9,2.1,5.9,0,0,0,0,2.7,0
24,2025-10-01,Customer Support,0,4,3.7,3.4,6.0,0,1,0,0,3.8,0
24,2025-11-01,Customer Support,0,5,4.0,2.1,6.0,0,0,1,1,3.2,0
24,2025-12-01,Customer Support,0,2,3.0,3.6,6.1,0,0,0,1,3.0,0
25,2025-01-01,Operations,0,3,2.7,2.3,4.1,0,0,0,0,4.0,0
25,2025-02-01,Operations,0,4,3.0,4.0,4.2,0,0,0,0,2.5,0
25,2025-03-01,Operations,0,4,3.3,3.7,4.3,0,1,0,0,4.8,0
25,2025-04-01,Operations,0,2,2.8,4.7,4.3,0,0,0,0,1.6,0
25,2025-05-01,Operations,1,3,3.3,3.8,4.4,0,0,0,0,4.9,0
25,2025-06-01,Operations,0,4,3.3,2.5,4.5,0,0,1,0,2.1,0
25,2025-07-01,Operations,0,3,2.9,2.8,4.6,0,1,0,0,6.0,1
26,2025-01-01,Customer Support,0,4,1.6,3.3,0.4,0,1,0,0,14.2,1
27,2025-01-01,Engineering,0,3,3.5,3.1,5.8,0,0,1,0,1.2,0
27,2025-02-01,Engineering,0,3,4.2,3.4,5.9,0,1,0,1,5.0,0
27,2025-03-01,Engineering,0,4,4.4,2.3,6.0,0,0,1,0,1.3,0
27,2025-04-01,Engineering,0,2,3.7,2.7,6.0,1,0,0,0,2.9,0
27,2025-05-01,Engineering,0,2,4.0,4.5,6.1,0,1,1,0,1.1,0
27,2025-06-01,Engineering,0,3,3.5,3.3,6.2,0,0,1,0,1.1,0
27,2025-07-01,Engineering,0,3,3.9,3.4,6.3,0,0,1,0,0.9,0
27,2025-08-01,Engineering,0,3,4.3,3.4,6.4,0,0,0,0,1.3,0
27,2025-09-01,Engineering,0,4,5.0,3.2,6.5,0,1,1,1,2.7,0
27,2025-10-01,Engineering,0,4,4.0,3.2,6.5,0,0,1,0,1.1,0
27,2025-11-01,Engineering,1,4,4.6,3.9,6.6,0,0,0,0,2.7,0
27,2025-12-01,Engineering,0,3,4.5,3.6,6.7,0,0,1,0,0.7,0
28,2025-01-01,Operations,0,3,2.9,1.9,2.9,0,0,0,1,8.4,0
28,2025-02-01,Operations,0,3,4.0,2.5,3.0,0,0,1,0,1.7,0
28,2025-03-01,Operations,0,3,3.2,2.4,3.1,0,0,1,0,2.3,0
28,2025-04-01,Operations,0,2,3.6,2.8,3.1,0,0,1,0,1.5,0
28,2025-05-01,Operations,0,3,4.8,2.1,3.2,0,0,1,0,1.4,0
28,2025-06-01,Operations,1,3,4.4,2.2,3.3,0,0,1,0,3.7,0
28,2025-07-01,Operations,0,3,3.4,2.8,3.4,0,0,0,0,3.0,1
29,2025-01-01,Sales,0,4,2.4,4.6,0.6,1,0,1,0,3.9,0
29,2025-02-01,Sales,0,3,2.6,5.0,0.7,0,0,0,0,2.8,0
29,2025-03-01,Sales,1,3,2.6,3.6,0.8,0,0,0,0,9.7,0
29,2025-04-01,Sales,1,4,1.2,4.1,0.8,0,0,0,0,14.9,1
30,2025-01-01,Customer Support,0,3,5.0,2.9,5.1,0,0,0,0,1.4,0
30,2025-02-01,Customer Support,1,4,4.6,2.4,5.2,0,0,0,0,5.0,0
30,2025-03-01,Customer Support,0,2,4.1,2.3,5.3,0,0,1,0,1.1,0
30,2025-04-01,Customer Support,0,2,4.0,3.1,5.3,0,1,1,0,1.9,0
30,2025-05-01,Customer Support,1,3,4.8,3.0,5.4,0,0,0,0,3.3,0
30,2025-06-01,Customer Support,0,3,4.6,2.4,5.5,1,0,0,0,2.8,0
30,2025-07-01,Customer Support,1,1,3.6,2.9,5.6,0,0,1,0,2.3,0
30,2025-08-01,Customer Support,0,3,4.3,3.1,5.7,0,0,0,0,1.5,0
30,2025-09-01,Customer Support,0,4,4.8,3.2,5.8,0,0,1,0,0.9,0
30,2025-10-01,Customer Support,1,3,3.9,2.2,5.8,0,0,0,0,5.4,1
31,2025-01-01,Customer Support,0,3,1.6,2.9,5.7,0,1,0,1,13.4,0
31,2025-02-01,Customer Support,0,3,2.3,2.6,5.8,0,0,1,1,3.8,0
31,2025-03-01,Customer Support,1,3,2.6,3.0,5.9,0,0,0,1,11.2,0
31,2025-04-01,Customer Support,1,2,2.5,3.5,6.0,1,1,0,0,14.9,0
31,2025-05-01,Customer Support,0,4,3.0,3.3,6.0,0,0,0,0,2.5,0
31,2025-06-01,Customer Support,1,2,2.8,2.6,6.1,0,0,1,0,3.6,0
31,2025-07-01,Customer Support,0,3,2.2,2.8,6.2,0,0,1,1,3.5,0
31,2025-08-01,Customer Support,1,4,1.8,2.4,6.3,1,1,1,0,19.7,0
31,2025-09-01,Customer Support,1,4,1.6,3.9,6.4,0,0,1,0,4.8,0
31,2025-10-01,Customer Support,0,2,2.5,3.1,6.5,0,1,0,0,4.4,0
31,2025-11-01,Customer Support,0,2,2.9,3.6,6.5,1,1,0,0,5.3,0
31,2025-12-01,Customer Support,0,3,2.6,2.5,6.6,0,0,1,0,1.8,0
32,2025-01-01,Sales,1,3,3.7,4.3,2.5,0,0,1,0,2.8,0
32,2025-02-01,Sales,0,4,3.6,2.5,2.6,0,1,0,0,7.4,0
32,2025-03-01,Sales,0,4,3.6,3.7,2.7,0,0,1,0,1.6,0
32,2025-04-01,Sales,0,4,3.9,2.9,2.8,0,0,1,0,1.9,0
32,2025-05-01,Sales,1,4,3.3,3.0,2.8,0,0,0,0,8.4,0
32,2025-06-01,Sales,0,4,3.7,4.3,2.9,0,1,1,0,2.6,0
32,2025-07-01,Sales,0,3,3.5,3.1,3.0,1,1,1,0,5.4,0
32,2025-08-01,Sales,1,2,2.0,3.8,3.1,0,1,0,0,14.0,1
33,2025-01-01,Operations,1,3,3.8,4.5,1.4,0,0,1,0,2.9,0
33,2025-02-01,Operations,0,3,2.6,3.1,1.5,0,0,1,0,2.7,0
33,2025-03-01,Operations,0,3,2.8,3.1,1.6,0,0,0,0,4.1,0
33,2025-04-01,Operations,0,2,2.8,4.1,1.6,0,0,0,0,2.7,0
33,2025-05-01,Operations,1,4,3.7,3.0,1.7,0,0,0,0,8.3,0
33,2025-06-01,Operations,0,4,2.5,3.7,1.8,1,0,0,0,6.9,0
33,2025-07-01,Operations,0,2,2.3,3.2,1.9,0,0,0,1,7.0,0
33,2025-08-01,Operations,0,3,3.1,3.7,2.0,0,0,1,0,1.8,0
33,2025-09-01,Operations,0,4,3.7,2.8,2.1,0,0,1,0,2.2,0
33,2025-10-01,Operations,0,4,3.1,3.8,2.1,0,0,1,0,2.0,1
34,2025-01-01,Engineering,0,3,3.2,1.7,5.7,0,1,1,0,4.1,0
34,2025-02-01,Engineering,1,3,3.0,2.1,5.8,0,0,0,0,7.4,0
34,2025-03-01,Engineering,0,4,3.3,1.8,5.9,0,0,1,0,2.2,0
34,2025-04-01,Engineering,1,2,3.2,2.4,6.0,0,1,1,0,6.5,0
34,2025-05-01,Engineering,1,3,3.8,2.1,6.0,1,0,1,0,5.6,0
34,2025-06-01,Engineering,1,3,3.5,2.5,6.1,0,0,0,0,5.4,0
34,2025-07-01,Engineering,0,4,3.1,1.9,6.2,0,0,1,0,2.2,0
34,2025-08-01,Engineering,1,2,3.1,2.0,6.3,0,0,0,0,6.1,0
34,2025-09-01,Engineering,0,4,2.5,2.2,6.4,0,0,0,0,3.9,0
34,2025-10-01,Engineering,0,3,1.9,2.4,6.5,0,1,1,0,4.7,0
34,2025-11-01,Engineering,1,2,2.3,2.5,6.5,1,0,0,0,10.6,0
34,2025-12-01,Engineering,0,3,3.2,2.6,6.6,0,1,1,0,2.8,0
35,2025-01-01,Sales,0,3,3.4,3.5,4.2,0,0,0,0,2.2,0
35,2025-02-01,Sales,0,4,2.4,3.4,4.3,0,0,1,0,2.2,0
35,2025-03-01,Sales,0,4,1.3,4.2,4.4,0,0,0,1,7.3,0
35,2025-04-01,Sales,0,4,2.6,3.2,4.5,0,0,0,0,3.5,0
35,2025-05-01,Sales,0,3,2.6,2.3,4.5,0,0,0,0,4.0,0
35,2025-06-01,Sales,0,3,2.0,4.1,4.6,0,1,0,1,9.7,0
35,2025-07-01,Sales,1,1,2.4,3.6,4.7,0,1,1,0,6.1,0
35,2025-08-01,Sales,0,4,2.4,4.1,4.8,0,1,0,0,5.5,0
35,2025-09-01,Sales,0,3,3.2,3.1,4.9,0,0,0,0,2.4,0
35,2025-10-01,Sales,1,3,3.2,4.2,5.0,0,0,1,0,2.6,1
36,2025-01-01,Operations,1,4,3.6,4.7,0.4,0,0,1,0,3.8,0
36,2025-02-01,Operations,0,4,3.5,4.3,0.5,0,1,1,0,3.6,0
36,2025-03-01,Operations,1,5,3.9,4.3,0.6,0,0,0,0,7.1,0
36,2025-04-01,Operations,0,2,3.8,4.3,0.7,0,0,0,0,2.0,0
36,2025-05-01,Operations,1,4,3.7,4.8,0.7,0,1,1,0,6.8,0
36,2025-06-01,Operations,0,2,2.9,4.7,0.8,0,0,0,0,2.4,0
36,2025-07-01,Operations,1,2,4.1,4.1,0.9,0,0,1,0,2.7,0
36,2025-08-01,Operations,0,3,2.8,4.9,1.0,0,1,0,1,8.9,0
36,2025-09-01,Operations,1,3,3.7,4.0,1.1,0,1,0,0,11.1,0
36,2025-10-01,Operations,1,3,3.3,4.1,1.1,0,0,0,0,6.5,0
36,2025-11-01,Operations,0,2,3.7,5.0,1.2,0,0,1,0,1.0,0
36,2025-12-01,Operations,1,4,4.2,5.0,1.3,1,0,1,0,4.2,0
37,2025-01-01,Sales,0,2,3.8,4.0,5.6,0,0,0,0,1.2,0
37,2025-02-01,Sales,1,4,4.0,3.3,5.7,0,0,1,0,2.7,0
37,2025-03-01,Sales,0,4,3.2,2.8,5.8,0,0,1,0,1.7,0
37,2025-04-01,Sales,0,4,4.0,4.1,5.8,0,0,1,1,1.6,0
37,2025-05-01,Sales,0,2,3.5,2.6,5.9,1,0,1,0,2.0,0
37,2025-06-01,Sales,0,4,3.3,3.3,6.0,0,1,1,0,2.8,0
37,2025-07-01,Sales,1,3,3.8,3.0,6.1,0,1,0,1,14.0,0
37,2025-08-01,Sales,1,4,4.3,3.4,6.2,0,0,0,1,6.5,0
37,2025-09-01,Sales,1,3,3.6,3.1,6.3,0,0,0,0,4.3,0
37,2025-10-01,Sales,1,3,2.8,3.2,6.3,0,0,0,0,5.5,0
37,2025-11-01,Sales,0,4,3.1,3.2,6.4,0,1,0,0,4.7,0
37,2025-12-01,Sales,0,3,4.4,3.6,6.5,0,0,1,0,0.7,0
38,2025-01-01,Sales,0,2,1.4,3.6,2.8,0,1,1,0,5.2,0
38,2025-02-01,Sales,1,5,2.0,3.0,2.9,0,1,0,0,25.0,0
38,2025-03-01,Sales,0,3,3.1,3.0,3.0,0,0,0,1,5.8,0
38,2025-04-01,Sales,0,1,2.4,4.6,3.0,0,0,0,0,1.9,0
38,2025-05-01,Sales,0,2,2.8,2.8,3.1,0,0,0,0,3.3,0
38,2025-06-01,Sales,0,3,2.4,2.8,3.2,1,0,0,0,6.8,0
38,2025-07-01,Sales,1,4,2.1,2.9,3.3,1,0,0,0,18.2,0
38,2025-08-01,Sales,1,3,3.3,3.6,3.4,0,0,0,0,5.8,0
38,2025-09-01,Sales,1,3,2.2,3.2,3.5,0,1,0,0,16.8,0
38,2025-10-01,Sales,0,4,3.2,3.1,3.5,0,0,0,0,3.3,0
38,2025-11-01,Sales,0,3,3.1,3.0,3.6,0,0,1,0,1.9,0
38,2025-12-01,Sales,0,3,1.8,3.1,3.7,0,1,0,1,14.8,0
39,2025-01-01,Sales,1,3,3.8,3.3,2.4,0,1,0,0,11.3,1
40,2025-01-01,Operations,0,3,2.7,4.5,1.4,0,0,0,0,2.9,0
40,2025-02-01,Operations,1,3,2.7,3.9,1.5,1,0,0,0,12.5,0
40,2025-03-01,Operations,1,2,1.9,3.7,1.6,0,0,0,0,9.4,0
40,2025-04-01,Operations,1,3,1.8,3.8,1.6,1,0,0,0,16.6,0
40,2025-05-01,Operations,1,3,2.8,4.8,1.7,0,1,1,0,7.1,1
41,2025-01-01,Sales,0,3,3.9,2.0,2.5,0,0,0,0,3.5,0
41,2025-02-01,Sales,0,4,3.8,3.4,2.6,0,0,0,0,2.8,0
41,2025-03-01,Sales,0,3,3.1,2.4,2.7,0,0,1,0,2.5,0
41,2025-04-01,Sales,1,4,3.5,2.9,2.8,0,0,1,0,5.1,0
41,2025-05-01,Sales,0,2,3.6,2.6,2.8,0,0,1,0,1.7,0
41,2025-06-01,Sales,0,3,2.8,2.8,2.9,1,0,1,0,3.8,0
41,2025-07-01,Sales,0,3,3.6,2.6,3.0,0,0,1,0,1.9,0
41,2025-08-01,Sales,0,3,3.9,2.7,3.1,0,0,0,0,2.7,0
41,2025-09-01,Sales,0,3,3.2,3.1,3.2,0,0,1,0,1.8,0
41,2025-10-01,Sales,0,3,3.9,2.4,3.2,0,1,1,0,3.5,1
42,2025-01-01,Engineering,1,5,2.6,3.0,3.9,0,0,1,0,6.7,0
42,2025-02-01,Engineering,0,3,1.3,3.7,4.0,1,1,0,0,13.1,0
42,2025-03-01,Engineering,0,2,1.5,3.7,4.1,0,0,0,0,3.5,0
42,2025-04-01,Engineering,0,4,1.8,2.9,4.2,1,0,0,0,8.3,0
42,2025-05-01,Engineering,1,4,2.3,3.8,4.2,0,1,0,0,14.8,0
42,2025-06-01,Engineering,1,4,2.2,3.2,4.3,1,0,1,0,9.6,0
42,2025-07-01,Engineering,1,4,2.2,4.3,4.4,0,0,0,0,7.0,0
42,2025-08-01,Engineering,0,1,3.2,2.7,4.5,0,0,1,0,1.3,0
42,2025-09-01,Engineering,1,3,2.2,3.7,4.6,0,1,0,0,13.2,0
42,2025-10-01,Engineering,0,4,1.3,3.7,4.7,0,0,0,1,8.1,0
42,2025-11-01,Engineering,0,2,2.3,2.5,4.7,0,0,1,1,3.8,0
42,2025-12-01,Engineering,0,4,2.1,3.0,4.8,0,0,0,0,4.3,0
43,2025-01-01,Sales,0,4,2.7,3.1,0.2,0,0,1,0,3.6,0
43,2025-02-01,Sales,0,4,3.3,3.9,0.3,0,0,0,0,3.7,0
43,2025-03-01,Sales,0,1,2.4,4.3,0.4,0,0,0,0,2.9,0
43,2025-04-01,Sales,0,3,2.9,3.4,0.5,0,0,0,0,4.1,0
43,2025-05-01,Sales,0,5,2.3,4.8,0.5,0,1,0,1,14.7,0
43,2025-06-01,Sales,0,2,2.5,3.3,0.6,0,1,1,0,5.0,0
43,2025-07-01,Sales,0,4,2.4,4.7,0.7,0,0,1,0,2.3,0
43,2025-08-01,Sales,1,2,3.0,4.6,0.8,0,1,0,0,10.7,0
43,2025-09-01,Sales,0,2,2.3,4.6,0.9,0,1,0,1,10.0,0
43,2025-10-01,Sales,1,3,3.1,3.6,0.9,0,1,0,0,15.1,0
43,2025-11-01,Sales,1,3,3.2,4.5,1.0,0,0,1,0,3.8,0
43,2025-12-01,Sales,1,5,3.1,3.5,1.1,0,0,1,0,6.8,1
44,2025-01-01,Sales,1,3,2.9,3.4,0.3,0,0,0,0,9.8,1
45,2025-01-01,Customer Support,0,1,3.7,4.3,1.0,0,1,1,0,2.1,0
45,2025-02-01,Customer Support,0,3,3.2,4.6,1.1,0,0,1,0,1.5,0
45,2025-03-01,Customer Support,1,3,3.6,4.4,1.2,0,0,1,0,3.3,1
46,2025-01-01,Sales,0,4,3.0,1.5,3.8,0,0,1,0,3.4,0
46,2025-02-01,Sales,0,4,4.4,2.2,3.9,0,0,0,0,2.7,0
46,2025-03-01,Sales,0,3,3.5,2.8,4.0,0,0,0,0,2.7,0
46,2025-04-01,Sales,0,5,3.5,2.2,4.0,0,0,1,0,2.6,0
46,2025-05-01,Sales,1,3,4.2,2.1,4.1,0,0,0,0,6.1,0
46,2025-06-01,Sales,0,2,4.5,2.9,4.2,0,0,1,0,0.9,0
46,2025-07-01,Sales,0,3,2.8,3.0,4.3,0,0,1,0,1.9,0
46,2025-08-01,Sales,0,4,3.2,2.5,4.4,0,0,1,0,2.2,0
46,2025-09-01,Sales,0,5,3.6,2.1,4.5,0,1,1,0,4.8,0
46,2025-10-01,Sales,0,2,3.4,3.6,4.5,0,0,1,0,1.1,0
46,2025-11-01,Sales,0,3,3.6,2.9,4.6,0,0,0,0,2.3,0
46,2025-12-01,Sales,0,4,3.8,2.0,4.7,1,0,0,0,5.2,0
47,2025-01-01,Sales,0,3,2.2,3.6,2.4,0,1,0,1,13.1,0
47,2025-02-01,Sales,0,2,3.0,2.5,2.5,0,0,0,0,3.6,0
47,2025-03-01,Sales,0,2,2.1,2.9,2.6,0,1,0,0,8.2,0
47,2025-04-01,Sales,0,3,1.8,2.4,2.6,1,0,0,0,9.9,0
47,2025-05-01,Sales,0,3,1.8,3.4,2.7,0,0,0,0,4.6,0
47,2025-06-01,Sales,0,3,2.0,2.4,2.8,0,0,0,0,5.7,0
47,2025-07-01,Sales,1,4,1.7,2.5,2.9,0,0,0,0,15.5,1
48,2025-01-01,Engineering,0,4,4.0,3.7,1.3,0,0,1,0,1.7,0
48,2025-02-01,Engineering,1,2,4.7,3.2,1.4,0,0,1,0,2.7,0
48,2025-03-01,Engineering,0,4,4.5,3.4,1.5,0,0,1,0,1.5,0
48,2025-04-01,Engineering,0,3,3.5,2.9,1.6,0,0,1,0,2.1,0
48,2025-05-01,Engineering,0,3,3.4,3.1,1.6,0,0,1,0,2.1,0
48,2025-06-01,Engineering,1,5,4.1,2.9,1.7,0,0,0,0,8.6,0
48,2025-07-01,Engineering,0,4,4.0,3.2,1.8,0,0,1,0,1.8,1
49,2025-01-01,Customer Support,0,3,2.7,4.1,2.9,0,0,0,0,2.7,0
49,2025-02-01,Customer Support,1,4,1.7,5.0,3.0,1,0,0,0,12.4,0
49,2025-03-01,Customer Support,1,4,2.2,4.3,3.1,0,0,1,0,5.1,0
49,2025-04-01,Customer Support,0,4,2.1,5.0,3.1,0,1,1,1,6.3,1
50,2025-01-01,Customer Support,0,3,3.0,2.8,3.3,0,0,0,0,3.4,0
50,2025-02-01,Customer Support,1,2,3.7,2.0,3.4,0,0,0,0,6.9,0
50,2025-03-01,Customer Support,0,5,2.3,1.9,3.5,0,0,0,0,7.3,0
50,2025-04-01,Customer Support,0,4,3.3,3.4,3.5,0,0,1,0,1.8,0
50,2025-05-01,Customer Support,0,5,2.3,1.6,3.6,0,0,0,0,7.8,1
51,2025-01-01,Engineering,0,3,3.6,1.4,3.8,0,0,0,0,4.0,0
51,2025-02-01,Engineering,1,4,3.5,3.5,3.9,1,0,0,0,9.6,0
51,2025-03-01,Engineering,0,3,3.5,1.8,4.0,0,0,1,0,2.2,0
51,2025-04-01,Engineering,0,2,3.3,2.3,4.0,0,0,1,0,1.8,0
51,2025-05-01,Engineering,1,2,3.2,3.2,4.1,0,0,1,0,3.3,0
51,2025-06-01,Engineering,1,4,3.1,2.5,4.2,0,0,1,0,5.5,0
51,2025-07-01,Engineering,0,4,3.7,3.1,4.3,0,0,0,1,4.6,0
51,2025-08-01,Engineering,1,4,2.9,3.1,4.4,1,0,0,0,12.2,0
51,2025-09-01,Engineering,0,4,3.3,1.9,4.5,0,0,1,0,2.5,0
51,2025-10-01,Engineering,0,2,3.0,2.7,4.5,0,0,1,0,1.6,0
51,2025-11-01,Engineering,1,3,2.5,2.1,4.6,0,0,0,0,9.9,0
51,2025-12-01,Engineering,1,3,3.6,2.4,4.7,0,1,1,0,7.6,0
52,2025-01-01,Customer Support,1,3,3.4,2.7,1.9,0,0,1,0,5.3,0
52,2025-02-01,Customer Support,1,4,3.1,3.0,2.0,0,1,0,0,17.9,0
52,2025-03-01,Customer Support,0,4,3.3,3.1,2.1,0,0,1,0,2.3,0
52,2025-04-01,Customer Support,0,2,4.6,2.8,2.1,0,0,1,0,1.2,0
52,2025-05-01,Customer Support,0,4,3.7,2.9,2.2,0,0,1,0,2.1,0
52,2025-06-01,Customer Support,1,2,3.9,3.1,2.3,0,0,0,0,5.4,0
52,2025-07-01,Customer Support,0,3,2.8,1.9,2.4,0,0,1,0,3.3,0
52,2025-08-01,Customer Support,0,3,3.2,1.8,2.5,0,0,0,0,4.7,0
52,2025-09-01,Customer Support,0,5,2.7,2.4,2.6,0,0,0,0,6.1,0
52,2025-10-01,Customer Support,0,3,3.8,1.9,2.6,0,1,1,0,4.5,0
52,2025-11-01,Customer Support,0,3,3.6,2.4,2.7,1,0,0,0,5.4,0
52,2025-12-01,Customer Support,0,5,3.9,2.5,2.8,0,0,1,0,2.4,0
53,2025-01-01,Operations,0,5,3.0,2.3,5.9,1,1,0,0,11.9,0
53,2025-02-01,Operations,0,2,2.6,2.9,6.0,0,0,0,0,2.4,0
53,2025-03-01,Operations,0,4,3.0,2.5,6.1,0,0,0,0,3.1,0
53,2025-04-01,Operations,0,3,2.7,2.6,6.2,0,0,1,0,1.8,0
53,2025-05-01,Operations,0,2,3.1,2.9,6.2,0,0,1,0,1.2,0
53,2025-06-01,Operations,0,5,2.9,2.8,6.3,0,0,0,0,3.4,0
53,2025-07-01,Operations,1,2,2.6,2.7,6.4,0,0,0,0,5.8,0
53,2025-08-01,Operations,0,3,2.5,2.9,6.5,0,1,1,0,3.3,0
53,2025-09-01,Operations,0,3,3.2,3.1,6.6,0,0,0,1,3.6,0
53,2025-10-01,Operations,1,4,2.1,3.0,6.7,1,1,1,0,14.9,0
53,2025-11-01,Operations,0,3,2.3,2.6,6.7,0,0,0,0,3.1,0
53,2025-12-01,Operations,0,3,2.7,2.8,6.8,0,0,0,0,2.5,0
54,2025-01-01,Sales,0,3,2.3,4.7,1.1,0,0,0,0,3.2,0
54,2025-02-01,Sales,0,3,1.8,4.0,1.2,1,0,0,0,7.4,0
54,2025-03-01,Sales,1,3,2.8,3.9,1.3,0,1,0,0,14.7,0
54,2025-04-01,Sales,0,3,2.8,5.0,1.4,0,1,0,0,4.8,0
54,2025-05-01,Sales,0,3,2.4,3.5,1.4,0,1,1,0,5.2,0
54,2025-06-01,Sales,1,3,1.0,4.6,1.5,0,1,1,0,13.5,0
54,2025-07-01,Sales,1,3,3.1,4.0,1.6,1,0,1,0,6.7,0
54,2025-08-01,Sales,0,3,2.2,4.0,1.7,0,0,0,0,3.8,0
54,2025-09-01,Sales,0,5,2.2,3.8,1.8,0,0,0,1,9.3,0
54,2025-10-01,Sales,1,2,1.2,4.3,1.9,0,0,0,0,9.6,0
54,2025-11-01,Sales,0,4,2.9,3.7,1.9,0,0,0,0,3.7,0
54,2025-12-01,Sales,1,2,2.9,4.0,2.0,0,0,0,0,6.0,0
55,2025-01-01,Engineering,1,3,3.4,4.0,2.0,0,0,1,0,3.6,0
55,2025-02-01,Engineering,0,2,3.6,4.4,2.1,0,0,1,1,1.9,0
55,2025-03-01,Engineering,1,2,2.5,4.2,2.2,0,1,0,0,11.9,0
55,2025-04-01,Engineering,0,2,3.5,4.8,2.2,1,0,1,0,1.6,0
55,2025-05-01,Engineering,0,2,3.9,4.9,2.3,0,0,1,0,0.8,0
55,2025-06-01,Engineering,0,3,3.6,4.1,2.4,0,0,0,0,2.1,0
55,2025-07-01,Engineering,1,2,3.3,4.5,2.5,0,0,0,0,4.3,0
55,2025-08-01,Engineering,1,3,3.2,4.1,2.6,0,1,1,0,6.8,0
55,2025-09-01,Engineering,0,5,3.0,4.1,2.7,0,0,0,0,3.4,0
55,2025-10-01,Engineering,1,3,3.0,4.7,2.8,0,0,0,0,5.0,0
55,2025-11-01,Engineering,0,3,2.7,3.6,2.8,0,0,0,0,3.2,0
55,2025-12-01,Engineering,1,3,3.8,3.6,2.9,0,0,1,0,3.2,0
56,2025-01-01,Engineering,0,3,3.5,3.3,3.7,0,0,1,0,1.5,0
56,2025-02-01,Engineering,1,4,3.1,4.0,3.8,1,0,0,0,9.6,0
56,2025-03-01,Engineering,0,3,4.1,4.3,3.9,0,0,0,0,1.4,0
56,2025-04-01,Engineering,1,4,4.5,3.5,4.0,0,0,0,0,4.3,1
57,2025-01-01,Engineering,0,3,2.7,2.3,5.9,0,0,0,0,3.3,0
57,2025-02-01,Engineering,0,3,2.8,2.5,6.0,1,0,1,0,2.9,0
57,2025-03-01,Engineering,1,2,2.9,2.7,6.1,0,1,0,0,10.4,0
57,2025-04-01,Engineering,1,4,3.2,2.4,6.2,0,0,1,0,4.4,0
57,2025-05-01,Engineering,1,3,3.4,2.2,6.2,0,1,0,1,19.1,0
57,2025-06-01,Engineering,0,3,3.5,1.9,6.3,0,0,0,0,2.7,0
57,2025-07-01,Engineering,0,5,2.2,1.6,6.4,0,0,1,0,3.7,0
57,2025-08-01,Engineering,1,5,2.5,2.5,6.5,0,1,0,0,17.4,0
57,2025-09-01,Engineering,1,1,2.8,1.1,6.6,1,0,0,0,11.4,0
57,2025-10-01,Engineering,0,1,2.5,2.1,6.7,0,0,1,0,1.5,0
57,2025-11-01,Engineering,0,3,1.9,2.5,6.7,0,1,0,0,7.1,0
57,2025-12-01,Engineering,0,3,3.6,2.2,6.8,0,1,0,1,7.7,0
58,2025-01-01,Sales,1,4,2.4,3.7,4.3,0,0,0,0,7.8,0
58,2025-02-01,Sales,0,2,3.8,3.2,4.4,0,0,0,0,1.8,0
58,2025-03-01,Sales,0,4,3.2,3.3,4.5,1,0,1,0,2.8,0
58,2025-04-01,Sales,0,2,3.2,2.9,4.5,1,0,1,0,2.3,0
58,2025-05-01,Sales,0,2,2.0,3.3,4.6,0,0,0,1,5.5,0
58,2025-06-01,Sales,0,4,2.9,3.1,4.7,0,0,0,0,3.2,0
58,2025-07-01,Sales,0,3,3.9,4.4,4.8,0,0,1,0,0.8,0
58,2025-08-01,Sales,0,3,2.1,3.3,4.9,1,1,0,0,10.3,0
58,2025-09-01,Sales,0,5,2.4,2.3,5.0,1,0,1,0,5.3,0
58,2025-10-01,Sales,1,3,2.5,2.4,5.0,0,1,0,0,16.2,0
58,2025-11-01,Sales,0,3,3.4,3.3,5.1,0,0,0,0,2.1,0
58,2025-12-01,Sales,0,3,3.1,2.9,5.2,0,1,1,0,3.1,0
59,2025-01-01,Customer Support,0,2,1.5,3.3,0.3,0,0,0,0,6.0,0
59,2025-02-01,Customer Support,1,2,1.3,4.1,0.4,0,1,0,1,32.5,1
60,2025-01-01,Customer Support,0,3,3.2,4.0,4.4,0,0,1,0,1.2,0
60,2025-02-01,Customer Support,0,4,4.3,3.2,4.5,0,0,1,0,1.2,0
60,2025-03-01,Customer Support,0,3,3.4,3.4,4.6,1,0,0,0,3.5,0
60,2025-04-01,Customer Support,0,5,3.2,3.5,4.7,0,0,0,0,3.0,0
60,2025-05-01,Customer Support,0,3,2.4,2.9,4.7,0,1,0,1,11.7,0
60,2025-06-01,Customer Support,0,4,3.8,3.9,4.8,1,0,1,0,1.8,0
60,2025-07-01,Customer Support,0,5,3.7,2.5,4.9,0,0,1,0,2.0,0
60,2025-08-01,Customer Support,0,1,3.2,3.4,5.0,0,0,1,0,1.0,0
60,2025-09-01,Customer Support,1,2,2.9,3.6,5.1,0,0,1,0,2.9,0
60,2025-10-01,Customer Support,1,5,3.7,4.3,5.2,0,0,0,0,4.5,0
60,2025-11-01,Customer Support,0,1,3.4,3.0,5.2,0,0,0,0,1.7,0
60,2025-12-01,Customer Support,0,2,3.2,3.8,5.3,0,0,0,0,1.6,0
61,2025-01-01,Sales,1,3,4.0,3.2,2.3,0,0,1,0,3.6,0
61,2025-02-01,Sales,0,3,3.4,3.4,2.4,1,1,0,1,14.8,0
61,2025-03-01,Sales,0,4,3.6,2.6,2.5,1,1,1,0,7.3,0
61,2025-04-01,Sales,1,3,4.4,3.0,2.5,0,1,1,0,6.4,0
61,2025-05-01,Sales,0,3,3.4,3.1,2.6,0,0,1,0,1.8,0
61,2025-06-01,Sales,0,3,3.3,2.9,2.7,0,1,1,0,3.9,0
61,2025-07-01,Sales,0,3,4.0,3.3,2.8,0,0,1,0,1.4,0
61,2025-08-01,Sales,0,3,4.0,3.3,2.9,0,0,1,0,1.4,0
61,2025-09-01,Sales,0,1,3.5,2.7,3.0,0,0,0,0,2.3,0
61,2025-10-01,Sales,0,4,2.6,3.4,3.0,0,0,0,0,4.0,0
61,2025-11-01,Sales,0,4,3.6,2.6,3.1,0,1,1,0,4.3,0
61,2025-12-01,Sales,1,5,4.1,3.4,3.2,0,0,1,0,4.0,0
62,2025-01-01,Customer Support,0,3,4.1,3.0,0.2,0,0,1,0,2.0,0
62,2025-02-01,Customer Support,0,3,4.7,2.8,0.3,0,0,1,0,1.7,0
62,2025-03-01,Customer Support,0,4,4.0,3.4,0.4,0,0,0,0,3.3,0
62,2025-04-01,Customer Support,1,4,3.7,3.6,0.5,1,0,1,0,8.1,0
62,2025-05-01,Customer Support,1,3,3.4,3.1,0.5,0,0,0,0,8.9,0
62,2025-06-01,Customer Support,1,2,4.2,4.1,0.6,0,0,1,0,2.7,0
62,2025-07-01,Customer Support,0,2,4.4,3.4,0.7,0,0,1,0,1.3,0
62,2025-08-01,Customer Support,1,2,4.3,3.3,0.8,0,1,0,0,10.1,0
62,2025-09-01,Customer Support,0,3,4.4,3.1,0.9,1,1,0,1,13.8,0
62,2025-10-01,Customer Support,0,3,3.8,3.6,0.9,0,0,1,0,1.7,0
62,2025-11-01,Customer Support,0,4,4.0,3.3,1.0,0,0,1,0,2.0,0
62,2025-12-01,Customer Support,0,3,4.1,3.1,1.1,0,1,1,0,3.4,0
63,2025-01-01,Sales,0,2,2.4,3.5,0.6,0,0,1,0,2.5,0
63,2025-02-01,Sales,0,3,2.5,3.3,0.7,0,1,0,0,9.1,0
63,2025-03-01,Sales,0,3,3.3,2.3,0.8,0,0,1,1,5.3,0
63,2025-04-01,Sales,1,4,2.5,3.4,0.8,0,1,0,0,21.6,1
64,2025-01-01,Sales,0,3,2.7,2.8,4.4,1,1,1,0,6.5,0
64,2025-02-01,Sales,0,2,4.5,2.7,4.5,0,0,1,0,1.0,0
64,2025-03-01,Sales,1,3,2.7,3.0,4.6,0,0,1,0,4.5,0
64,2025-04-01,Sales,1,3,4.3,2.1,4.7,0,0,1,0,3.4,0
64,2025-05-01,Sales,0,3,4.2,2.6,4.7,0,0,0,0,2.1,0
64,2025-06-01,Sales,1,4,3.3,3.9,4.8,0,0,0,0,5.2,0
64,2025-07-01,Sales,0,4,3.0,3.1,4.9,0,0,1,0,1.9,0
64,2025-08-01,Sales,0,2,3.8,2.3,5.0,1,0,1,0,2.1,0
64,2025-09-01,Sales,1,3,3.9,3.6,5.1,0,0,0,0,3.9,0
64,2025-10-01,Sales,0,4,3.9,2.4,5.2,0,0,0,0,2.6,0
64,2025-11-01,Sales,1,3,2.7,2.2,5.2,0,0,1,0,5.3,0
64,2025-12-01,Sales,1,3,3.4,2.0,5.3,0,0,1,0,4.4,0
65,2025-01-01,Engineering,1,5,4.1,3.5,5.4,0,0,1,0,3.0,0
65,2025-02-01,Engineering,0,3,3.3,4.2,5.5,0,1,0,0,3.2,1
66,2025-01-01,Engineering,0,4,2.9,4.5,4.9,0,0,0,0,2.1,0
66,2025-02-01,Engineering,0,4,3.4,3.5,5.0,0,0,1,0,1.4,0
66,2025-03-01,Engineering,0,3,4.3,3.1,5.1,0,1,1,0,2.0,0
66,2025-04-01,Engineering,0,5,4.9,3.4,5.2,0,1,0,0,3.2,0
66,2025-05-01,Engineering,1,2,4.1,3.1,5.2,0,0,0,0,3.6,0
66,2025-06-01,Engineering,0,4,3.4,3.6,5.3,0,0,0,0,2.2,0
66,2025-07-01,Engineering,0,4,4.6,3.5,5.4,1,0,1,0,1.5,0
66,2025-08-01,Engineering,1,1,3.5,4.0,5.5,0,0,0,0,2.8,0
66,2025-09-01,Engineering,0,3,3.9,4.2,5.6,0,0,0,0,1.3,0
66,2025-10-01,Engineering,0,1,3.7,3.4,5.7,0,0,0,0,1.3,0
66,2025-11-01,Engineering,0,3,3.5,3.0,5.7,0,0,0,0,2.1,0
66,2025-12-01,Engineering,0,3,4.5,2.7,5.8,0,0,1,0,1.0,0
67,2025-01-01,Engineering,0,4,3.4,2.0,5.4,0,0,1,1,3.8,0
67,2025-02-01,Engineering,1,2,3.6,3.1,5.5,1,0,1,0,4.1,0
67,2025-03-01,Engineering,0,4,3.4,3.4,5.6,0,0,0,0,2.2,0
67,2025-04-01,Engineering,0,3,3.0,2.7,5.7,0,0,0,0,2.7,0
67,2025-05-01,Engineering,1,4,3.4,2.0,5.7,0,0,1,0,4.9,0
67,2025-06-01,Engineering,0,3,3.6,2.5,5.8,0,0,0,0,2.3,0
67,2025-07-01,Engineering,0,3,3.1,2.7,5.9,0,0,1,0,1.5,0
67,2025-08-01,Engineering,0,4,2.6,2.5,6.0,1,0,1,1,6.4,0
67,2025-09-01,Engineering,0,3,3.6,2.2,6.1,0,0,1,0,1.5,0
67,2025-10-01,Engineering,0,3,3.7,2.7,6.2,0,1,1,0,2.4,0
67,2025-11-01,Engineering,0,3,2.9,1.8,6.2,0,0,0,0,3.4,0
67,2025-12-01,Engineering,1,3,3.6,2.0,6.3,0,0,1,0,3.7,0
68,2025-01-01,Sales,1,3,2.9,1.7,5.9,1,0,0,0,13.2,0
68,2025-02-01,Sales,0,4,2.4,2.7,6.0,0,1,0,0,7.1,0
68,2025-03-01,Sales,1,2,2.1,2.2,6.1,0,0,0,0,8.1,0
68,2025-04-01,Sales,0,4,2.4,2.5,6.2,1,0,1,0,3.8,0
68,2025-05-01,Sales,1,3,2.0,2.4,6.2,0,0,1,0,5.7,0
68,2025-06-01,Sales,0,2,2.6,3.2,6.3,0,0,0,0,2.1,0
68,2025-07-01,Sales,0,3,2.7,2.8,6.4,0,1,0,0,5.2,0
68,2025-08-01,Sales,1,4,2.0,2.5,6.5,0,1,0,0,17.8,0
68,2025-09-01,Sales,0,4,1.9,3.3,6.6,0,0,0,0,3.4,0
68,2025-10-01,Sales,0,5,2.3,2.2,6.7,1,1,0,0,14.0,1
69,2025-01-01,Customer Support,0,4,2.1,4.2,2.2,0,0,0,0,4.1,0
69,2025-02-01,Customer Support,0,3,2.8,5.0,2.3,0,0,0,0,2.2,0
69,2025-03-01,Customer Support,0,2,2.4,5.0,2.4,1,0,0,0,3.5,0
69,2025-04-01,Customer Support,0,4,2.6,5.0,2.5,0,1,0,0,5.2,0
69,2025-05-01,Customer Support,0,4,1.3,4.6,2.5,0,0,0,0,4.6,0
69,2025-06-01,Customer Support,1,4,2.4,5.0,2.6,0,0,0,0,6.6,0
69,2025-07-01,Customer Support,0,4,2.1,5.0,2.7,0,0,0,0,3.1,0
69,2025-08-01,Customer Support,1,3,1.6,5.0,2.8,1,1,1,0,13.6,0
69,2025-09-01,Customer Support,0,1,2.4,5.0,2.9,0,0,1,0,1.1,0
69,2025-10-01,Customer Support,1,2,2.3,4.5,3.0,1,1,0,1,26.6,0
69,2025-11-01,Customer Support,0,2,2.3,4.6,3.0,0,1,1,0,2.8,0
69,2025-12-01,Customer Support,1,5,2.6,5.0,3.1,0,0,0,0,6.7,1
70,2025-01-01,Customer Support,1,3,4.3,3.3,3.2,0,0,1,0,2.8,0
70,2025-02-01,Customer Support,1,4,4.0,3.1,3.3,0,0,1,0,3.8,0
70,2025-03-01,Customer Support,1,3,4.7,3.0,3.4,0,1,1,0,5.2,0
70,2025-04-01,Customer Support,0,3,5.0,3.4,3.5,0,0,1,0,0.9,0
70,2025-05-01,Customer Support,0,2,5.0,3.4,3.5,0,0,1,0,0.7,0
70,2025-06-01,Customer Support,0,3,4.2,3.0,3.6,0,0,0,0,2.1,0
70,2025-07-01,Customer Support,1,4,4.5,3.4,3.7,0,0,1,0,2.8,0
70,2025-08-01,Customer Support,1,3,4.4,3.7,3.8,0,0,1,0,2.3,0
70,2025-09-01,Customer Support,0,3,4.7,4.0,3.9,1,1,0,0,4.1,0
70,2025-10-01,Customer Support,1,3,5.0,2.7,4.0,0,1,0,0,7.7,0
70,2025-11-01,Customer Support,0,4,4.1,3.4,4.0,0,0,1,0,1.3,1
71,2025-01-01,Customer Support,1,2,2.3,3.7,0.3,0,1,0,0,17.5,0
71,2025-02-01,Customer Support,0,3,2.8,4.4,0.4,0,0,0,0,3.2,0
71,2025-03-01,Customer Support,1,3,2.3,3.9,0.5,0,0,1,0,6.4,0
71,2025-04-01,Customer Support,0,1,2.8,4.6,0.6,0,0,0,0,2.2,0
71,2025-05-01,Customer Support,0,2,3.2,4.3,0.6,0,0,1,0,1.5,0
71,2025-06-01,Customer Support,1,4,2.2,4.7,0.7,0,0,0,0,9.4,0
71,2025-07-01,Customer Support,0,3,2.8,4.1,0.8,0,0,0,0,3.4,0
71,2025-08-01,Customer Support,0,1,2.2,5.0,0.9,0,1,0,0,4.6,0
71,2025-09-01,Customer Support,1,2,2.7,5.0,1.0,0,0,1,0,3.3,0
71,2025-10-01,Customer Support,1,3,2.7,4.6,1.1,0,0,1,0,4.3,0
71,2025-11-01,Customer Support,0,2,2.3,3.9,1.1,0,0,0,0,3.5,0
71,2025-12-01,Customer Support,1,3,2.2,4.9,1.2,0,0,0,0,7.4,0
72,2025-01-01,Sales,0,5,3.6,4.2,1.5,0,0,0,0,3.1,0
72,2025-02-01,Sales,0,3,3.8,3.4,1.6,0,0,1,0,1.6,0
72,2025-03-01,Sales,1,4,2.6,3.6,1.7,0,0,1,1,11.0,0
72,2025-04-01,Sales,1,4,3.8,3.5,1.8,0,1,1,0,8.3,0
72,2025-05-01,Sales,0,4,3.1,4.9,1.8,0,0,0,1,4.4,0
72,2025-06-01,Sales,0,2,3.0,3.8,1.9,0,1,0,0,5.1,0
72,2025-07-01,Sales,0,3,3.0,3.9,2.0,1,0,0,1,8.2,0
72,2025-08-01,Sales,0,4,2.5,4.2,2.1,0,0,0,1,6.4,0
72,2025-09-01,Sales,1,2,3.0,3.8,2.2,0,0,1,1,6.6,0
72,2025-10-01,Sales,1,3,3.1,3.8,2.2,0,0,0,0,6.7,0
72,2025-11-01,Sales,1,3,3.4,3.9,2.3,0,0,0,0,5.8,0
72,2025-12-01,Sales,1,3,3.7,4.2,2.4,0,0,0,0,4.8,0
73,2025-01-01,Engineering,0,3,2.6,1.9,3.2,0,0,0,0,5.1,0
73,2025-02-01,Engineering,1,2,2.7,3.8,3.3,0,0,1,0,3.6,0
73,2025-03-01,Engineering,0,4,2.8,2.8,3.4,0,0,0,0,4.2,0
73,2025-04-01,Engineering,0,4,2.6,2.6,3.5,0,0,1,0,2.9,0
73,2025-05-01,Engineering,0,3,2.1,4.2,3.5,0,0,1,0,1.9,0
73,2025-06-01,Engineering,0,2,3.3,2.4,3.6,0,1,1,0,3.5,0
73,2025-07-01,Engineering,1,3,2.4,2.7,3.7,0,0,1,0,6.0,0
73,2025-08-01,Engineering,0,2,3.2,2.9,3.8,0,0,0,0,2.5,0
73,2025-09-01,Engineering,1,3,2.2,3.4,3.9,1,0,0,0,12.9,0
73,2025-10-01,Engineering,0,3,2.7,1.9,4.0,0,0,0,0,4.5,0
73,2025-11-01,Engineering,0,2,3.2,3.3,4.0,0,0,1,0,1.4,0
73,2025-12-01,Engineering,0,4,2.6,2.5,4.1,1,0,0,0,7.2,1
74,2025-01-01,Sales,0,4,5.0,3.4,0.2,0,0,0,0,2.4,0
74,2025-02-01,Sales,0,4,4.6,4.9,0.3,0,0,1,0,1.1,0
74,2025-03-01,Sales,0,3,4.8,4.3,0.4,0,0,1,0,1.0,1
75,2025-01-01,Operations,1,1,3.0,4.0,4.1,0,1,0,0,7.6,0
75,2025-02-01,Operations,1,4,2.4,3.0,4.2,0,0,0,0,9.6,0
75,2025-03-01,Operations,1,3,3.3,4.0,4.3,0,0,1,0,2.9,0
75,2025-04-01,Operations,1,3,2.1,3.1,4.3,0,1,0,0,16.4,1
76,2025-01-01,Operations,0,4,2.9,4.6,5.5,0,0,1,0,1.1,0
76,2025-02-01,Operations,0,3,2.7,4.2,5.6,0,0,1,0,1.2,0
76,2025-03-01,Operations,0,4,3.3,5.0,5.7,0,1,1,0,1.7,0
76,2025-04-01,Operations,0,3,3.2,4.8,5.8,0,0,1,0,0.8,0
76,2025-05-01,Operations,0,2,4.0,3.4,5.8,0,0,0,0,1.3,0
76,2025-06-01,Operations,1,5,2.8,5.0,5.9,0,1,0,0,8.8,0
76,2025-07-01,Operations,1,3,3.3,4.4,6.0,1,1,1,0,6.6,0
76,2025-08-01,Operations,0,3,3.2,4.0,6.1,0,0,1,0,1.0,0
76,2025-09-01,Operations,0,3,3.3,3.9,6.2,0,0,1,0,1.0,0
76,2025-10-01,Operations,0,5,3.0,3.8,6.2,0,0,1,0,1.5,0
76,2025-11-01,Operations,0,4,3.7,4.7,6.3,0,0,1,0,0.8,0
76,2025-12-01,Operations,1,2,3.5,4.8,6.4,0,0,1,0,1.4,0
77,2025-01-01,Engineering,1,3,3.0,2.9,3.4,0,0,0,0,7.7,0
77,2025-02-01,Engineering,0,3,3.1,4.4,3.5,0,0,1,0,1.2,0
77,2025-03-01,Engineering,1,3,3.1,3.2,3.6,0,1,1,0,8.1,0
77,2025-04-01,Engineering,0,4,3.3,3.3,3.6,0,0,1,0,1.8,0
77,2025-05-01,Engineering,1,4,3.9,2.8,3.7,0,0,0,0,6.6,0
77,2025-06-01,Engineering,0,3,2.2,3.3,3.8,0,0,0,1,6.5,0
77,2025-07-01,Engineering,0,4,2.2,3.4,3.9,0,1,1,0,4.9,0
77,2025-08-01,Engineering,0,3,1.8,4.0,4.0,0,0,0,1,6.0,0
77,2025-09-01,Engineering,0,5,2.9,3.7,4.1,0,0,0,0,3.3,0
77,2025-10-01,Engineering,0,2,2.3,3.3,4.2,0,0,0,0,2.9,0
77,2025-11-01,Engineering,0,4,3.1,3.5,4.2,1,1,0,0,8.8,0
77,2025-12-01,Engineering,1,3,3.0,3.1,4.3,0,0,0,0,6.6,0
78,2025-01-01,Customer Support,0,3,2.2,4.3,5.4,0,1,1,0,2.8,0
78,2025-02-01,Customer Support,1,3,3.3,4.1,5.5,0,0,0,0,3.9,0
78,2025-03-01,Customer Support,0,4,3.4,3.7,5.6,0,0,0,0,2.0,0
78,2025-04-01,Customer Support,0,2,2.6,4.2,5.7,0,0,1,0,1.0,0
78,2025-05-01,Customer Support,1,4,3.8,5.0,5.7,0,0,1,0,1.8,0
78,2025-06-01,Customer Support,0,3,3.1,4.4,5.8,0,0,1,0,0.9,0
78,2025-07-01,Customer Support,0,4,2.0,4.1,5.9,0,0,0,0,2.8,0
78,2025-08-01,Customer Support,0,4,2.8,3.2,6.0,0,0,1,0,1.7,0
78,2025-09-01,Customer Support,0,3,2.4,5.0,6.1,0,0,0,0,1.6,0
78,2025-10-01,Customer Support,0,2,3.3,3.1,6.2,0,0,0,0,1.7,0
78,2025-11-01,Customer Support,1,3,3.9,3.8,6.2,0,0,0,0,3.2,0
78,2025-12-01,Customer Support,1,3,3.4,4.2,6.3,0,0,1,1,3.7,0
79,2025-01-01,Sales,0,4,2.8,4.2,2.7,0,0,0,0,3.0,0
79,2025-02-01,Sales,1,2,2.9,3.1,2.8,0,0,0,0,7.0,0
79,2025-03-01,Sales,0,3,3.7,3.9,2.9,0,0,1,0,1.3,0
79,2025-04-01,Sales,0,2,2.9,3.7,3.0,0,0,0,0,2.4,0
79,2025-05-01,Sales,0,4,3.1,3.0,3.0,1,0,1,0,3.8,0
79,2025-06-01,Sales,0,3,3.4,2.6,3.1,0,0,1,0,2.0,0
79,2025-07-01,Sales,0,4,2.3,2.3,3.2,0,0,0,0,5.8,0
79,2025-08-01,Sales,0,2,2.7,3.5,3.3,0,0,0,0,2.7,0
79,2025-09-01,Sales,0,3,2.1,4.2,3.4,0,0,0,0,3.1,0
79,2025-10-01,Sales,0,2,2.6,4.1,3.5,1,0,0,0,3.7,0
79,2025-11-01,Sales,0,3,3.1,3.5,3.5,0,0,0,0,2.6,0
79,2025-12-01,Sales,0,4,2.5,2.3,3.6,0,1,0,1,16.8,0
80,2025-01-01,Engineering,0,2,3.0,4.1,3.0,1,0,1,0,2.1,0
80,2025-02-01,Engineering,0,4,3.5,3.0,3.1,0,0,1,0,2.0,0
80,2025-03-01,Engineering,0,4,3.4,3.5,3.2,0,0,1,0,1.8,0
80,2025-04-01,Engineering,0,3,3.0,2.9,3.2,0,0,0,0,3.4,0
80,2025-05-01,Engineering,0,4,3.0,3.8,3.3,0,0,0,0,3.0,0
80,2025-06-01,Engineering,0,3,3.2,3.8,3.4,0,0,0,0,2.4,0
80,2025-07-01,Engineering,0,3,3.5,2.8,3.5,1,0,0,0,4.6,0
80,2025-08-01,Engineering,1,3,3.5,4.0,3.6,0,0,1,0,2.9,0
80,2025-09-01,Engineering,0,2,3.7,3.6,3.7,0,0,1,0,1.1,0
80,2025-10-01,Engineering,1,3,3.2,2.6,3.8,0,0,0,0,7.5,0
80,2025-11-01,Engineering,1,3,3.9,3.8,3.8,0,0,0,0,4.3,0
80,2025-12-01,Engineering,0,3,4.3,3.4,3.9,0,0,1,0,1.1,0
81,2025-01-01,Operations,0,2,3.6,4.3,1.1,0,0,1,0,1.2,0
81,2025-02-01,Operations,0,2,3.4,3.0,1.2,0,1,1,1,6.7,0
81,2025-03-01,Operations,0,3,3.8,4.9,1.3,0,1,1,1,3.9,0
81,2025-04-01,Operations,0,2,4.2,3.9,1.4,0,0,0,0,1.8,0
81,2025-05-01,Operations,0,3,3.4,3.7,1.4,0,0,0,0,2.9,0
81,2025-06-01,Operations,0,4,4.1,4.4,1.5,0,0,1,0,1.3,0
81,2025-07-01,Operations,1,4,2.6,4.0,1.6,0,0,0,1,15.4,0
81,2025-08-01,Operations,1,4,3.8,4.8,1.7,0,0,1,0,3.0,0
81,2025-09-01,Operations,1,5,4.9,4.3,1.8,0,0,1,0,2.7,0
81,2025-10-01,Operations,0,3,4.0,4.3,1.9,0,0,1,0,1.1,0
81,2025-11-01,Operations,1,3,4.1,4.6,1.9,0,0,0,0,3.9,0
81,2025-12-01,Operations,0,2,3.4,3.6,2.0,1,0,1,0,2.4,0
82,2025-01-01,Engineering,0,3,3.5,3.5,0.8,0,0,0,0,3.2,0
82,2025-02-01,Engineering,0,4,3.2,3.9,0.9,0,0,0,0,3.6,0
82,2025-03-01,Engineering,0,2,2.5,3.8,1.0,0,0,0,0,3.4,0
82,2025-04-01,Engineering,0,2,2.9,3.2,1.1,0,1,0,0,6.9,0
82,2025-05-01,Engineering,0,4,3.6,4.2,1.1,0,0,0,0,2.8,0
82,2025-06-01,Engineering,0,2,3.6,3.0,1.2,0,0,1,0,1.8,0
82,2025-07-01,Engineering,0,2,2.1,3.5,1.3,1,0,0,0,6.7,0
82,2025-08-01,Engineering,0,4,3.6,3.3,1.4,0,0,0,1,6.2,0
82,2025-09-01,Engineering,0,3,3.3,3.3,1.5,0,0,0,0,3.3,0
82,2025-10-01,Engineering,0,2,2.9,2.7,1.6,1,1,0,0,11.7,0
82,2025-11-01,Engineering,0,3,3.0,4.4,1.6,0,1,0,0,5.2,0
82,2025-12-01,Engineering,0,2,2.9,4.7,1.7,0,0,1,0,1.3,0
83,2025-01-01,Sales,1,3,2.0,4.2,3.7,0,0,0,0,7.2,0
83,2025-02-01,Sales,0,2,1.8,4.0,3.8,0,0,0,0,3.0,0
83,2025-03-01,Sales,0,3,1.9,3.5,3.9,0,1,0,1,12.6,0
83,2025-04-01,Sales,0,5,2.8,5.0,4.0,0,0,0,0,2.4,0
83,2025-05-01,Sales,0,2,2.3,4.5,4.0,0,0,0,0,2.1,0
83,2025-06-01,Sales,1,3,1.1,4.5,4.1,0,0,1,0,5.3,0
83,2025-07-01,Sales,0,4,2.3,4.9,4.2,0,1,0,0,4.8,0
83,2025-08-01,Sales,0,4,2.0,5.0,4.3,0,0,0,0,2.6,0
83,2025-09-01,Sales,1,2,2.7,4.5,4.4,0,0,1,0,2.6,0
83,2025-10-01,Sales,0,3,2.0,3.3,4.5,0,0,0,0,3.6,0
83,2025-11-01,Sales,0,4,2.7,3.7,4.5,0,1,0,1,10.0,1
84,2025-01-01,Customer Support,0,3,4.4,4.7,5.0,0,0,0,0,1.0,0
84,2025-02-01,Customer Support,1,3,4.1,3.8,5.1,1,0,0,0,5.5,0
84,2025-03-01,Customer Support,1,2,4.9,3.9,5.2,0,0,1,0,1.3,0
84,2025-04-01,Customer Support,1,2,4.9,4.0,5.2,0,0,0,0,2.1,0
84,2025-05-01,Customer Support,0,4,4.6,3.7,5.3,0,0,1,0,0.9,0
84,2025-06-01,Customer Support,1,3,5.0,3.0,5.4,0,0,1,0,1.9,0
84,2025-07-01,Customer Support,1,3,5.0,3.1,5.5,0,0,1,0,1.8,0
84,2025-08-01,Customer Support,0,5,5.0,3.4,5.6,0,0,1,0,0.9,0
84,2025-09-01,Customer Support,0,3,4.5,3.4,5.7,0,0,1,1,1.4,0
84,2025-10-01,Customer Support,0,3,4.4,4.5,5.8,0,0,0,0,1.0,0
84,2025-11-01,Customer Support,0,4,4.9,2.7,5.8,0,0,1,0,1.0,0
84,2025-12-01,Customer Support,1,2,4.6,3.4,5.9,0,0,1,0,1.6,0
85,2025-01-01,Customer Support,0,2,4.4,2.7,1.5,0,0,0,0,2.3,0
85,2025-02-01,Customer Support,1,3,4.9,3.0,1.6,1,0,1,0,4.9,0
85,2025-03-01,Customer Support,0,4,4.0,3.0,1.7,0,0,1,0,2.0,0
85,2025-04-01,Customer Support,1,4,3.4,4.5,1.8,0,0,0,0,6.0,0
85,2025-05-01,Customer Support,0,2,4.0,3.0,1.8,0,0,1,0,1.5,0
85,2025-06-01,Customer Support,1,4,4.0,3.7,1.9,0,0,0,0,6.1,0
85,2025-07-01,Customer Support,0,3,3.7,4.1,2.0,0,1,0,0,4.2,0
85,2025-08-01,Customer Support,0,4,3.9,2.8,2.1,0,0,1,0,2.1,0
85,2025-09-01,Customer Support,1,2,3.0,3.5,2.2,0,0,0,0,6.5,0
85,2025-10-01,Customer Support,0,2,4.1,3.4,2.2,0,0,0,0,1.9,0
85,2025-11-01,Customer Support,0,3,3.5,3.7,2.3,0,1,0,0,4.9,0
85,2025-12-01,Customer Support,0,4,4.4,3.1,2.4,0,0,0,0,2.5,0
86,2025-01-01,Operations,0,3,4.1,2.3,1.5,0,0,1,0,2.1,0
86,2025-02-01,Operations,0,3,3.7,2.0,1.6,0,1,0,0,8.0,0
86,2025-03-01,Operations,0,1,4.6,2.6,1.7,0,0,1,0,1.2,0
86,2025-04-01,Operations,0,2,5.0,2.7,1.8,0,0,0,0,1.8,0
86,2025-05-01,Operations,0,2,3.8,2.0,1.8,0,1,1,1,7.3,0
86,2025-06-01,Operations,0,4,3.6,3.4,1.9,0,0,1,0,2.0,0
86,2025-07-01,Operations,0,4,3.9,3.2,2.0,0,0,0,0,3.0,0
86,2025-08-01,Operations,0,2,4.3,3.4,2.1,0,0,0,0,1.8,0
86,2025-09-01,Operations,1,4,3.4,2.4,2.2,0,0,1,1,11.2,0
86,2025-10-01,Operations,0,4,4.5,2.2,2.2,0,0,1,0,2.0,0
86,2025-11-01,Operations,1,4,3.8,2.2,2.3,0,0,1,0,5.9,0
86,2025-12-01,Operations,0,3,3.5,3.3,2.4,0,1,1,1,6.0,0
87,2025-01-01,Sales,0,3,2.6,4.6,2.6,0,0,0,0,2.5,0
87,2025-02-01,Sales,1,3,1.0,3.2,2.7,1,1,0,0,35.8,0
87,2025-03-01,Sales,1,4,2.8,3.7,2.8,0,0,0,0,8.1,0
87,2025-04-01,Sales,0,3,1.9,3.3,2.9,0,0,0,0,4.5,0
87,2025-05-01,Sales,0,4,1.1,3.6,2.9,1,1,0,0,18.0,0
87,2025-06-01,Sales,0,5,2.8,4.5,3.0,0,0,0,0,3.1,0
87,2025-07-01,Sales,0,4,2.0,3.5,3.1,0,1,0,0,8.9,0
87,2025-08-01,Sales,0,4,3.0,4.1,3.2,0,0,0,0,2.8,0
87,2025-09-01,Sales,0,3,2.9,2.6,3.3,0,0,0,0,3.8,0
87,2025-10-01,Sales,0,5,2.0,3.7,3.4,0,1,0,0,9.4,0
87,2025-11-01,Sales,0,2,2.1,3.4,3.4,1,0,0,0,5.4,0
87,2025-12-01,Sales,0,3,2.4,3.0,3.5,0,1,0,0,7.5,0
88,2025-01-01,Customer Support,0,4,2.9,3.2,4.1,0,1,0,0,6.5,0
88,2025-02-01,Customer Support,1,3,2.4,3.0,4.2,1,0,1,1,14.3,0
88,2025-03-01,Customer Support,0,2,2.4,2.8,4.3,0,1,0,0,6.3,0
88,2025-04-01,Customer Support,1,2,2.4,3.0,4.3,1,1,1,0,13.5,0
88,2025-05-01,Customer Support,0,4,2.1,3.0,4.4,1,0,1,1,7.8,0
88,2025-06-01,Customer Support,0,2,2.0,2.2,4.5,0,0,1,0,2.7,0
88,2025-07-01,Customer Support,0,4,2.4,2.6,4.6,0,1,0,0,8.5,0
88,2025-08-01,Customer Support,1,3,2.3,3.5,4.7,1,0,0,0,11.2,0
88,2025-09-01,Customer Support,0,3,2.1,3.4,4.8,0,1,0,0,6.4,0
88,2025-10-01,Customer Support,0,4,1.9,2.9,4.8,1,0,1,0,4.7,0
88,2025-11-01,Customer Support,1,2,3.2,3.8,4.9,0,0,0,0,4.1,0
88,2025-12-01,Customer Support,0,3,1.5,2.3,5.0,0,0,0,1,9.4,0
89,2025-01-01,Sales,0,4,3.4,3.8,5.3,0,0,0,0,2.1,0
89,2025-02-01,Sales,1,4,3.5,3.6,5.4,0,0,0,0,5.0,0
89,2025-03-01,Sales,1,3,2.7,4.4,5.5,0,0,0,0,4.4,1
90,2025-01-01,Engineering,0,4,3.3,2.4,3.3,0,0,1,0,2.5,0
90,2025-02-01,Engineering,0,5,2.7,3.8,3.4,0,0,1,1,4.1,0
90,2025-03-01,Engineering,0,2,3.1,2.8,3.5,0,0,1,0,1.7,0
90,2025-04-01,Engineering,0,4,3.7,2.7,3.5,0,0,1,0,1.9,0
90,2025-05-01,Engineering,1,3,2.3,3.2,3.6,0,0,0,0,8.7,0
90,2025-06-01,Engineering,1,3,2.8,2.8,3.7,0,0,0,0,8.2,0
90,2025-07-01,Engineering,0,3,3.1,4.0,3.8,0,0,1,0,1.4,0
90,2025-08-01,Engineering,1,3,2.8,3.5,3.9,0,0,0,0,6.6,0
90,2025-09-01,Engineering,0,2,2.9,3.7,4.0,0,0,0,0,2.2,0
90,2025-10-01,Engineering,0,3,2.5,2.8,4.0,0,0,0,1,6.6,0
90,2025-11-01,Engineering,0,4,3.5,3.5,4.1,0,0,0,0,2.5,0
90,2025-12-01,Engineering,1,3,3.1,3.9,4.2,0,0,1,0,3.2,0
91,2025-01-01,Engineering,0,4,3.2,4.1,3.0,0,1,1,0,3.2,0
91,2025-02-01,Engineering,0,2,3.4,3.4,3.1,0,0,1,0,1.4,0
91,2025-03-01,Engineering,0,4,4.5,4.6,3.2,0,0,0,0,1.4,0
91,2025-04-01,Engineering,0,3,3.2,3.5,3.2,0,1,1,0,3.2,0
91,2025-05-01,Engineering,0,3,3.4,3.8,3.3,0,0,1,0,1.4,0
91,2025-06-01,Engineering,1,3,3.1,3.5,3.4,0,0,1,0,3.9,0
91,2025-07-01,Engineering,1,3,4.0,3.4,3.5,0,0,1,0,3.0,0
91,2025-08-01,Engineering,0,3,2.0,3.6,3.6,0,1,0,0,7.2,0
91,2025-09-01,Engineering,0,3,3.1,3.7,3.7,0,0,1,0,1.5,0
91,2025-10-01,Engineering,0,3,4.2,3.7,3.8,0,0,0,0,1.7,0
91,2025-11-01,Engineering,0,3,4.1,2.9,3.8,0,0,1,0,1.3,0
91,2025-12-01,Engineering,1,4,3.0,3.3,3.9,0,0,0,0,7.5,0
92,2025-01-01,Operations,1,3,2.1,3.0,3.5,1,0,1,0,9.9,0
92,2025-02-01,Operations,1,3,3.0,3.1,3.6,0,0,0,0,7.2,1
93,2025-01-01,Engineering,1,5,2.8,4.2,4.9,0,0,0,0,6.4,0
93,2025-02-01,Engineering,1,2,2.4,3.6,5.0,0,0,0,0,5.6,0
93,2025-03-01,Engineering,1,2,2.6,3.9,5.1,0,0,1,1,5.3,0
93,2025-04-01,Engineering,0,3,2.8,3.0,5.2,1,0,1,0,2.8,0
93,2025-05-01,Engineering,0,3,3.9,4.0,5.2,0,0,1,0,0.9,0
93,2025-06-01,Engineering,1,5,1.8,3.3,5.3,0,0,0,1,18.2,0
93,2025-07-01,Engineering,0,4,4.0,4.2,5.4,0,0,1,0,0.9,0
93,2025-08-01,Engineering,0,4,4.0,3.0,5.5,0,0,0,0,2.1,0
93,2025-09-01,Engineering,1,3,3.1,3.6,5.6,0,0,1,0,3.0,0
93,2025-10-01,Engineering,0,1,3.6,3.9,5.7,0,0,1,0,0.7,0
93,2025-11-01,Engineering,0,2,3.2,3.2,5.7,0,0,1,0,1.1,0
93,2025-12-01,Engineering,0,2,3.5,3.3,5.8,0,0,1,0,1.0,0
94,2025-01-01,Customer Support,0,4,2.2,4.9,3.3,1,1,0,0,8.8,0
94,2025-02-01,Customer Support,0,2,2.5,3.6,3.4,1,0,1,0,2.8,0
94,2025-03-01,Customer Support,1,3,3.6,3.7,3.5,0,0,1,0,3.1,0
94,2025-04-01,Customer Support,0,3,2.5,3.6,3.5,1,0,0,0,5.1,0
94,2025-05-01,Customer Support,0,4,1.7,3.7,3.6,0,0,1,0,2.8,0
94,2025-06-01,Customer Support,0,4,3.0,4.0,3.7,0,1,0,0,5.2,1
95,2025-01-01,Engineering,1,3,2.7,3.7,3.1,0,0,1,0,4.4,0
95,2025-02-01,Engineering,0,4,3.2,3.8,3.2,0,0,1,0,1.7,0
95,2025-03-01,Engineering,1,1,2.7,4.5,3.3,0,0,0,0,4.1,0
95,2025-04-01,Engineering,1,3,2.4,2.7,3.4,1,0,0,0,15.3,0
95,2025-05-01,Engineering,0,3,2.3,4.7,3.4,0,0,0,0,2.5,0
95,2025-06-01,Engineering,0,4,2.0,3.4,3.5,0,0,0,0,4.6,0
95,2025-07-01,Engineering,0,4,3.0,3.8,3.6,0,0,0,0,2.9,0
95,2025-08-01,Engineering,0,5,2.7,3.6,3.7,1,0,0,0,6.2,0
95,2025-09-01,Engineering,0,4,3.0,4.5,3.8,0,0,0,0,2.3,0
95,2025-10-01,Engineering,0,2,3.8,4.6,3.9,0,0,1,0,0.8,0
95,2025-11-01,Engineering,0,3,2.4,3.7,3.9,0,0,0,0,3.0,0
95,2025-12-01,Engineering,1,4,2.8,4.3,4.0,0,1,1,1,12.5,0
96,2025-01-01,Sales,0,2,3.6,2.4,5.1,0,0,1,0,1.3,1
97,2025-01-01,Engineering,1,4,3.0,3.4,4.1,0,0,1,0,4.5,0
97,2025-02-01,Engineering,1,4,3.6,2.5,4.2,0,1,0,0,14.0,0
97,2025-03-01,Engineering,1,4,2.6,3.0,4.3,0,0,1,0,5.6,0
97,2025-04-01,Engineering,0,3,3.0,4.4,4.3,0,1,1,0,2.3,0
97,2025-05-01,Engineering,0,3,3.4,4.0,4.4,0,0,0,0,1.9,0
97,2025-06-01,Engineering,0,3,3.1,3.7,4.5,0,0,1,0,1.4,0
97,2025-07-01,Engineering,0,3,2.5,2.5,4.6,0,1,0,0,7.4,0
97,2025-08-01,Engineering,1,4,2.5,2.6,4.7,0,1,0,1,28.5,1
98,2025-01-01,Sales,0,5,2.8,3.7,1.7,0,0,0,0,4.5,0
98,2025-02-01,Sales,0,2,2.7,3.1,1.8,0,0,0,0,3.6,0
98,2025-03-01,Sales,0,3,1.9,3.9,1.9,0,1,1,1,9.0,0
98,2025-04-01,Sales,1,5,2.6,2.8,1.9,0,0,0,0,13.8,0
98,2025-05-01,Sales,0,3,2.9,2.3,2.0,0,0,0,0,4.8,0
98,2025-06-01,Sales,1,2,3.4,2.3,2.1,0,0,1,0,5.1,0
98,2025-07-01,Sales,0,3,2.1,3.3,2.2,1,0,0,0,7.3,0
98,2025-08-01,Sales,0,4,3.7,2.8,2.3,0,0,1,0,2.2,0
98,2025-09-01,Sales,1,4,3.1,3.4,2.4,0,0,1,0,5.3,0
98,2025-10-01,Sales,1,3,2.8,4.0,2.5,0,0,0,0,6.7,0
98,2025-11-01,Sales,0,4,3.0,3.7,2.5,0,0,1,0,2.1,0
98,2025-12-01,Sales,1,4,3.2,2.9,2.6,0,0,0,0,9.1,0
99,2025-01-01,Engineering,1,3,3.7,1.7,3.3,0,0,0,0,8.7,0
99,2025-02-01,Engineering,0,1,2.3,1.9,3.4,0,0,0,0,4.2,0
99,2025-03-01,Engineering,1,3,2.5,2.2,3.5,0,0,0,0,10.9,0
99,2025-04-01,Engineering,0,3,3.3,2.0,3.5,0,0,1,0,2.4,0
99,2025-05-01,Engineering,1,4,2.5,1.6,3.6,0,1,0,0,25.2,0
99,2025-06-01,Engineering,0,2,2.9,1.9,3.7,0,0,0,1,6.7,0
99,2025-07-01,Engineering,0,3,2.1,1.6,3.8,0,1,0,0,11.7,0
99,2025-08-01,Engineering,1,4,3.7,1.6,3.9,0,0,1,0,6.0,0
99,2025-09-01,Engineering,1,3,3.5,1.8,4.0,0,1,0,1,25.1,0
99,2025-10-01,Engineering,1,1,2.8,2.4,4.0,0,0,0,0,6.7,0
99,2025-11-01,Engineering,1,3,1.9,2.0,4.1,0,1,0,1,35.3,0
99,2025-12-01,Engineering,1,3,3.1,1.4,4.2,0,0,1,0,6.5,0
100,2025-01-01,Sales,0,2,2.2,4.3,1.0,0,0,0,0,3.3,0
100,2025-02-01,Sales,0,5,2.4,3.9,1.1,0,0,0,0,5.3,0
100,2025-03-01,Sales,1,3,2.4,3.7,1.2,0,1,1,0,11.5,0
100,2025-04-01,Sales,0,4,1.5,3.2,1.2,0,0,0,0,7.4,1
101,2025-01-01,Engineering,0,5,4.2,4.8,5.0,0,0,1,0,0.8,0
101,2025-02-01,Engineering,0,3,4.2,4.7,5.1,0,0,0,0,1.1,0
101,2025-03-01,Engineering,0,4,3.7,3.9,5.2,0,0,0,0,1.8,0
101,2025-04-01,Engineering,0,2,3.3,3.7,5.2,0,0,0,1,3.0,0
101,2025-05-01,Engineering,0,3,3.0,3.6,5.3,0,0,1,0,1.3,0
101,2025-06-01,Engineering,1,3,4.5,4.5,5.4,0,0,1,0,1.4,0
101,2025-07-01,Engineering,1,4,4.6,4.3,5.5,0,0,0,0,2.8,0
101,2025-08-01,Engineering,0,3,4.6,3.4,5.6,0,0,0,0,1.3,0
101,2025-09-01,Engineering,0,2,4.7,4.2,5.7,0,0,1,0,0.5,0
101,2025-10-01,Engineering,0,3,4.7,4.6,5.8,0,0,0,0,0.8,0
101,2025-11-01,Engineering,0,3,3.4,4.5,5.8,0,0,1,0,0.8,0
101,2025-12-01,Engineering,0,3,4.5,3.7,5.9,0,0,1,0,0.7,0
102,2025-01-01,Engineering,0,3,2.6,3.5,0.4,0,0,0,0,4.5,0
102,2025-02-01,Engineering,1,4,2.6,2.8,0.5,0,0,0,0,14.1,0
102,2025-03-01,Engineering,0,4,3.9,3.7,0.6,0,0,0,0,3.1,0
102,2025-04-01,Engineering,0,2,3.0,3.5,0.7,0,0,0,0,3.3,0
102,2025-05-01,Engineering,0,3,3.4,3.8,0.7,0,0,1,0,1.9,0
102,2025-06-01,Engineering,1,4,3.3,3.1,0.8,0,0,1,0,6.4,0
102,2025-07-01,Engineering,1,5,4.1,2.8,0.9,0,0,0,0,9.7,0
102,2025-08-01,Engineering,0,4,3.6,2.9,1.0,0,0,0,0,4.1,0
102,2025-09-01,Engineering,0,4,3.7,3.7,1.1,0,1,0,0,6.1,0
102,2025-10-01,Engineering,0,2,4.3,3.2,1.1,0,0,1,0,1.3,0
102,2025-11-01,Engineering,0,5,3.2,3.4,1.2,0,0,0,0,4.6,1
103,2025-01-01,Sales,0,3,4.1,3.1,1.6,0,0,1,0,1.6,0
103,2025-02-01,Sales,0,4,4.6,3.4,1.7,0,1,1,0,2.8,0
103,2025-03-01,Sales,0,4,4.1,3.9,1.8,0,0,0,0,2.4,0
103,2025-04-01,Sales,1,3,3.0,3.0,1.9,0,0,0,0,8.9,0
103,2025-05-01,Sales,0,5,4.1,2.6,1.9,0,1,1,0,4.8,0
103,2025-06-01,Sales,0,4,3.6,3.7,2.0,0,0,1,0,1.8,0
103,2025-07-01,Sales,1,2,3.3,3.0,2.1,0,0,0,0,6.9,0
103,2025-08-01,Sales,1,4,4.2,2.8,2.2,0,0,0,0,7.1,0
103,2025-09-01,Sales,0,2,4.4,2.6,2.3,0,0,1,0,1.3,0
103,2025-10-01,Sales,0,4,3.9,2.8,2.4,0,0,0,0,3.3,0
103,2025-11-01,Sales,1,4,3.8,2.8,2.4,0,0,0,0,7.9,0
103,2025-12-01,Sales,0,4,3.8,3.6,2.5,0,0,0,0,2.6,0
104,2025-01-01,Sales,0,5,2.1,2.4,5.6,1,1,0,1,25.4,1
105,2025-01-01,Engineering,0,3,2.6,3.5,0.0,0,1,0,0,9.0,0
105,2025-02-01,Engineering,0,4,2.6,2.5,0.1,0,0,0,0,7.1,0
105,2025-03-01,Engineering,0,3,2.8,3.7,0.2,0,0,0,0,4.1,0
105,2025-04-01,Engineering,0,2,2.8,4.6,0.2,0,0,0,0,2.7,0
105,2025-05-01,Engineering,0,3,2.7,3.0,0.3,0,1,0,0,9.7,0
105,2025-06-01,Engineering,0,2,2.1,3.4,0.4,0,0,1,0,2.9,0
105,2025-07-01,Engineering,0,3,3.1,3.0,0.5,0,0,0,0,4.3,0
105,2025-08-01,Engineering,0,4,3.7,3.4,0.6,0,1,1,1,7.7,0
105,2025-09-01,Engineering,0,3,2.9,2.7,0.7,0,1,0,0,9.5,0
105,2025-10-01,Engineering,1,3,3.2,3.5,0.8,0,0,1,0,5.1,0
105,2025-11-01,Engineering,1,4,2.9,3.3,0.8,0,1,0,0,19.8,0
105,2025-12-01,Engineering,1,2,2.4,3.4,0.9,0,1,1,1,18.7,0
106,2025-01-01,Operations,0,3,4.4,1.0,2.9,0,0,0,0,3.8,0
106,2025-02-01,Operations,1,2,3.7,2.4,3.0,0,1,1,0,7.8,0
106,2025-03-01,Operations,1,2,3.4,1.2,3.1,1,0,1,0,9.8,0
106,2025-04-01,Operations,0,3,4.4,1.9,3.1,0,0,0,0,2.8,0
106,2025-05-01,Operations,0,3,3.8,2.2,3.2,0,0,0,1,5.6,0
106,2025-06-01,Operations,1,2,4.3,1.0,3.3,0,0,1,0,4.7,0
106,2025-07-01,Operations,0,2,3.7,1.2,3.4,0,0,0,0,3.7,0
106,2025-08-01,Operations,0,3,3.7,2.2,3.5,0,0,1,1,3.5,0
106,2025-09-01,Operations,0,3,3.7,2.0,3.6,0,0,1,0,2.0,0
106,2025-10-01,Operations,0,5,4.0,1.9,3.6,0,1,0,1,13.6,0
106,2025-11-01,Operations,0,2,3.5,1.7,3.7,0,0,1,0,2.0,0
106,2025-12-01,Operations,1,3,3.6,1.0,3.8,0,0,1,0,6.5,0
107,2025-01-01,Engineering,1,5,2.2,3.4,0.4,0,0,0,0,15.6,0
107,2025-02-01,Engineering,1,4,2.7,2.9,0.5,0,0,0,0,13.3,0
107,2025-03-01,Engineering,0,3,2.9,2.5,0.6,0,0,0,0,5.3,0
107,2025-04-01,Engineering,0,4,3.0,2.6,0.7,0,0,0,1,9.9,0
107,2025-05-01,Engineering,0,4,2.8,3.2,0.7,0,0,0,0,5.1,0
107,2025-06-01,Engineering,1,4,3.6,3.1,0.8,0,0,0,0,9.2,0
107,2025-07-01,Engineering,1,4,2.6,3.6,0.9,0,0,0,0,10.9,0
107,2025-08-01,Engineering,0,4,2.1,2.5,1.0,1,0,1,1,13.0,1
108,2025-01-01,Customer Support,0,4,3.7,3.3,0.1,0,0,1,0,2.4,0
108,2025-02-01,Customer Support,0,3,2.9,2.8,0.2,0,0,0,1,8.9,1
109,2025-01-01,Operations,0,1,4.1,3.4,5.0,0,0,0,0,1.2,0
109,2025-02-01,Operations,0,3,4.9,2.5,5.1,0,0,1,0,1.0,0
109,2025-03-01,Operations,1,3,4.8,2.9,5.2,1,0,1,0,3.5,0
109,2025-04-01,Operations,1,3,4.9,2.9,5.2,0,0,0,0,3.4,0
109,2025-05-01,Operations,0,3,4.1,3.0,5.3,0,0,1,0,1.1,0
109,2025-06-01,Operations,0,2,4.5,3.4,5.4,0,0,1,0,0.7,0
109,2025-07-01,Operations,0,4,5.0,2.8,5.5,1,0,1,0,1.6,0
109,2025-08-01,Operations,0,1,4.7,3.7,5.6,0,0,0,0,0.8,0
109,2025-09-01,Operations,1,4,4.6,3.7,5.7,0,0,1,0,2.0,0
109,2025-10-01,Operations,1,2,4.2,3.0,5.8,0,0,1,0,2.1,0
109,2025-11-01,Operations,0,3,4.7,4.1,5.8,0,0,1,0,0.6,0
109,2025-12-01,Operations,0,4,4.2,3.0,5.9,0,0,0,1,3.3,0
110,2025-01-01,Sales,1,3,4.8,4.4,0.9,0,0,0,0,3.7,0
110,2025-02-01,Sales,0,3,5.0,3.7,1.0,0,0,1,0,1.1,0
110,2025-03-01,Sales,0,3,4.5,4.4,1.1,0,1,0,0,3.3,0
110,2025-04-01,Sales,0,3,5.0,3.8,1.1,0,1,1,0,2.0,0
110,2025-05-01,Sales,0,3,5.0,3.5,1.2,0,0,1,0,1.1,0
110,2025-06-01,Sales,1,3,3.9,3.4,1.3,0,0,1,0,4.0,0
110,2025-07-01,Sales,1,4,4.1,3.4,1.4,0,0,0,0,6.8,0
110,2025-08-01,Sales,1,3,4.5,4.6,1.5,0,0,0,0,3.6,0
110,2025-09-01,Sales,0,3,3.8,3.5,1.6,0,0,0,0,2.6,0
110,2025-10-01,Sales,1,4,3.7,3.2,1.6,0,0,0,0,8.0,0
110,2025-11-01,Sales,0,5,4.0,5.0,1.7,0,0,1,0,1.3,0
110,2025-12-01,Sales,1,3,3.4,3.5,1.8,0,0,0,1,11.9,1
111,2025-01-01,Customer Support,0,3,2.9,2.4,2.6,0,0,1,0,2.7,0
111,2025-02-01,Customer Support,1,3,3.1,3.3,2.7,0,0,1,0,4.5,0
111,2025-03-01,Customer Support,1,2,3.3,2.7,2.8,1,0,1,0,6.9,0
111,2025-04-01,Customer Support,0,4,3.7,3.1,2.9,0,1,1,0,3.7,0
111,2025-05-01,Customer Support,0,4,3.2,2.7,2.9,1,0,1,0,4.0,0
111,2025-06-01,Customer Support,0,4,3.3,2.9,3.0,0,0,1,0,2.2,0
111,2025-07-01,Customer Support,1,4,4.2,2.5,3.1,0,0,0,0,7.0,0
111,2025-08-01,Customer Support,0,3,3.6,2.3,3.2,0,0,1,0,2.0,0
111,2025-09-01,Customer Support,0,2,2.5,3.3,3.3,1,0,0,0,4.9,0
111,2025-10-01,Customer Support,0,3,3.8,3.1,3.4,0,0,1,0,1.5,0
111,2025-11-01,Customer Support,0,2,2.6,2.9,3.4,0,0,0,0,3.3,0
111,2025-12-01,Customer Support,0,4,3.5,3.0,3.5,0,0,1,0,1.9,0
112,2025-01-01,Engineering,0,5,1.0,4.9,3.4,0,1,0,0,9.3,0
112,2025-02-01,Engineering,0,2,1.8,4.6,3.5,0,0,0,0,2.6,0
112,2025-03-01,Engineering,0,3,2.4,4.3,3.6,0,1,0,0,5.2,0
112,2025-04-01,Engineering,1,2,1.7,4.4,3.6,1,1,0,0,19.0,0
112,2025-05-01,Engineering,0,2,1.5,5.0,3.7,0,1,0,0,4.9,0
112,2025-06-01,Engineering,1,4,2.0,3.9,3.8,0,0,1,0,5.6,0
112,2025-07-01,Engineering,0,2,1.5,3.8,3.9,1,1,0,0,10.6,0
112,2025-08-01,Engineering,1,4,1.0,4.4,4.0,0,0,1,0,6.6,0
112,2025-09-01,Engineering,0,4,1.7,4.4,4.1,0,0,0,0,3.5,0
112,2025-10-01,Engineering,0,4,1.0,4.7,4.2,1,0,0,0,6.5,0
112,2025-11-01,Engineering,1,4,1.3,5.0,4.2,0,0,0,0,7.9,0
112,2025-12-01,Engineering,0,5,1.3,4.1,4.3,0,0,0,0,5.0,0
113,2025-01-01,Operations,1,4,3.5,3.8,4.2,0,0,0,0,5.4,0
113,2025-02-01,Operations,1,3,3.7,2.9,4.3,0,0,1,1,6.1,0
113,2025-03-01,Operations,0,4,3.5,4.2,4.4,0,0,1,0,1.2,0
113,2025-04-01,Operations,1,4,3.3,3.6,4.5,0,0,0,1,10.2,0
113,2025-05-01,Operations,1,3,3.8,2.5,4.5,0,0,0,0,5.9,0
113,2025-06-01,Operations,0,3,3.9,3.7,4.6,0,1,1,1,3.6,0
113,2025-07-01,Operations,0,3,4.3,3.3,4.7,0,0,1,0,1.0,0
113,2025-08-01,Operations,1,3,3.9,3.2,4.8,0,1,0,0,8.7,0
113,2025-09-01,Operations,0,3,4.6,3.0,4.9,0,0,0,0,1.6,0
113,2025-10-01,Operations,0,3,3.3,3.4,5.0,1,0,0,0,3.5,0
113,2025-11-01,Operations,0,3,3.9,3.7,5.0,0,1,0,1,5.6,0
113,2025-12-01,Operations,0,3,3.6,3.1,5.1,0,0,1,0,1.3,0
114,2025-01-01,Customer Support,1,2,3.0,2.8,2.5,0,0,0,0,7.7,1
115,2025-01-01,Customer Support,0,3,2.5,3.4,2.5,1,0,0,0,6.0,0
115,2025-02-01,Customer Support,0,3,3.0,3.0,2.6,0,0,0,0,3.5,0
115,2025-03-01,Customer Support,0,4,2.8,4.0,2.7,0,1,1,0,3.9,0
115,2025-04-01,Customer Support,0,3,3.5,2.8,2.8,0,1,0,0,6.0,0
115,2025-05-01,Customer Support,1,5,2.9,3.1,2.8,1,0,0,0,16.4,0
115,2025-06-01,Customer Support,1,3,4.0,4.6,2.9,0,1,0,0,7.1,0
115,2025-07-01,Customer Support,0,4,3.7,4.3,3.0,0,0,1,0,1.3,0
115,2025-08-01,Customer Support,1,2,3.6,4.3,3.1,0,0,0,0,3.8,0
115,2025-09-01,Customer Support,0,5,3.3,4.1,3.2,0,0,1,1,3.2,0
115,2025-10-01,Customer Support,1,3,3.4,3.6,3.2,1,0,0,0,9.1,0
115,2025-11-01,Customer Support,0,4,2.6,3.8,3.3,0,0,0,0,3.4,1
116,2025-01-01,Engineering,0,3,3.7,3.9,5.7,0,1,1,0,1.8,0
116,2025-02-01,Engineering,0,5,3.1,2.9,5.8,0,0,0,0,3.2,0
116,2025-03-01,Engineering,1,4,3.0,4.2,5.9,0,1,1,0,5.6,0
116,2025-04-01,Engineering,0,4,3.9,2.7,6.0,0,0,1,0,1.3,0
116,2025-05-01,Engineering,0,1,4.2,3.4,6.0,0,1,0,0,2.1,0
116,2025-06-01,Engineering,1,3,4.2,3.6,6.1,0,0,1,1,3.4,0
116,2025-07-01,Engineering,0,3,2.8,4.3,6.2,0,0,1,0,1.0,0
116,2025-08-01,Engineering,1,2,4.5,3.4,6.3,0,0,1,0,1.6,0
116,2025-09-01,Engineering,0,5,2.9,4.6,6.4,0,0,0,0,2.0,0
116,2025-10-01,Engineering,0,3,4.2,4.0,6.5,0,0,1,0,0.7,0
116,2025-11-01,Engineering,0,4,4.7,3.5,6.5,0,0,1,0,0.8,0
116,2025-12-01,Engineering,0,2,3.6,4.8,6.6,0,1,1,0,1.1,0
117,2025-01-01,Engineering,1,4,3.5,2.5,1.9,0,0,1,0,6.3,0
117,2025-02-01,Engineering,0,4,4.0,2.4,2.0,0,0,1,0,2.3,0
117,2025-03-01,Engineering,1,5,4.6,3.1,2.1,0,0,1,0,4.1,0
117,2025-04-01,Engineering,1,3,3.4,3.6,2.1,0,0,0,0,6.5,0
117,2025-05-01,Engineering,0,4,3.8,3.0,2.2,1,0,0,0,5.2,0
117,2025-06-01,Engineering,1,1,4.1,3.1,2.3,0,0,0,0,4.3,0
117,2025-07-01,Engineering,1,3,3.3,2.7,2.4,0,0,1,0,5.2,0
117,2025-08-01,Engineering,0,5,4.9,2.8,2.5,1,0,1,0,2.6,0
117,2025-09-01,Engineering,0,2,4.3,4.7,2.6,0,0,0,0,1.2,0
117,2025-10-01,Engineering,0,4,3.4,2.9,2.6,0,0,0,0,3.7,0
117,2025-11-01,Engineering,0,4,4.2,2.9,2.7,1,0,0,0,4.5,0
117,2025-12-01,Engineering,0,4,4.5,2.3,2.8,0,0,1,0,1.8,0
118,2025-01-01,Operations,0,2,2.2,3.6,0.5,1,0,0,1,11.8,1
119,2025-01-01,Operations,0,1,3.8,1.8,4.2,0,0,0,0,2.4,0
119,2025-02-01,Operations,1,3,2.8,2.9,4.3,0,0,0,1,12.8,0
119,2025-03-01,Operations,1,2,1.9,3.2,4.4,1,1,1,1,24.0,0
119,2025-04-01,Operations,0,3,3.8,2.1,4.5,0,1,0,0,5.5,0
119,2025-05-01,Operations,1,4,3.1,3.0,4.5,0,0,0,0,7.4,0
119,2025-06-01,Operations,0,3,2.9,2.6,4.6,1,1,0,0,10.0,0
119,2025-07-01,Operations,0,4,4.1,3.0,4.7,0,0,1,0,1.3,0
119,2025-08-01,Operations,1,5,3.3,2.1,4.8,0,0,1,0,6.2,0
119,2025-09-01,Operations,1,3,3.8,2.5,4.9,0,1,1,0,6.8,0
119,2025-10-01,Operations,0,3,2.8,3.1,5.0,0,0,0,0,2.8,0
119,2025-11-01,Operations,1,4,3.4,2.8,5.0,0,0,1,0,4.2,0
119,2025-12-01,Operations,1,2,4.1,2.2,5.1,0,1,1,1,9.9,0
120,2025-01-01,Sales,0,5,2.9,3.4,2.4,0,0,0,0,4.4,0
120,2025-02-01,Sales,1,5,3.4,4.1,2.5,0,0,1,0,4.4,0
120,2025-03-01,Sales,0,3,3.4,3.5,2.6,0,0,1,0,1.6,0
120,2025-04-01,Sales,1,3,3.8,2.7,2.6,0,0,1,0,4.3,0
120,2025-05-01,Sales,0,3,3.2,3.6,2.7,0,0,0,1,4.9,0
120,2025-06-01,Sales,0,4,3.2,3.3,2.8,0,0,0,0,3.4,1
121,2025-01-01,Sales,0,4,4.4,2.3,5.1,0,0,1,0,1.4,0
121,2025-02-01,Sales,0,4,2.5,2.0,5.2,0,0,0,1,8.3,0
121,2025-03-01,Sales,1,3,3.2,1.7,5.3,0,0,1,0,5.1,0
121,2025-04-01,Sales,0,4,3.9,2.9,5.3,0,1,0,0,4.4,0
121,2025-05-01,Sales,0,1,4.1,2.7,5.4,0,0,1,0,0.9,0
121,2025-06-01,Sales,1,4,4.0,2.6,5.5,0,0,1,0,3.4,0
121,2025-07-01,Sales,1,3,3.4,2.1,5.6,0,1,1,0,8.0,0
121,2025-08-01,Sales,1,3,3.4,1.2,5.7,0,0,1,0,5.3,0
121,2025-09-01,Sales,0,2,4.0,2.9,5.8,0,0,1,0,0.9,0
121,2025-10-01,Sales,0,3,4.1,2.9,5.8,0,0,0,0,1.7,0
121,2025-11-01,Sales,0,3,3.1,3.0,5.9,0,0,0,0,2.3,0
121,2025-12-01,Sales,0,3,3.8,2.6,6.0,0,1,1,0,2.5,0
122,2025-01-01,Engineering,0,5,3.6,2.9,5.4,0,0,0,0,2.9,0
122,2025-02-01,Engineering,0,3,3.8,2.8,5.5,0,0,0,0,2.0,0
122,2025-03-01,Engineering,0,4,2.9,3.6,5.6,0,1,0,0,4.9,0
122,2025-04-01,Engineering,0,1,3.1,3.4,5.7,1,0,1,0,1.6,0
122,2025-05-01,Engineering,0,3,3.1,4.3,5.7,0,1,1,0,2.0,0
122,2025-06-01,Engineering,0,3,2.8,3.0,5.8,0,0,0,0,2.6,0
122,2025-07-01,Engineering,1,3,3.5,3.2,5.9,1,0,0,0,7.3,0
122,2025-08-01,Engineering,0,4,3.5,3.6,6.0,0,0,0,0,1.9,0
122,2025-09-01,Engineering,0,2,2.9,2.6,6.1,0,0,0,0,2.3,0
122,2025-10-01,Engineering,0,3,3.2,2.6,6.2,0,0,1,0,1.5,0
122,2025-11-01,Engineering,0,4,3.0,2.1,6.2,1,1,0,0,10.7,0
122,2025-12-01,Engineering,0,2,3.0,3.3,6.3,1,0,0,0,2.9,0
123,2025-01-01,Customer Support,0,3,2.8,2.8,2.4,0,0,1,0,2.5,0
123,2025-02-01,Customer Support,0,2,3.1,2.1,2.5,0,0,0,0,3.9,0
123,2025-03-01,Customer Support,0,4,3.7,3.1,2.6,0,0,0,0,3.1,0
123,2025-04-01,Customer Support,0,3,2.8,2.6,2.6,0,0,0,0,4.2,0
123,2025-05-01,Customer Support,1,4,4.3,2.4,2.7,0,0,0,0,7.2,0
123,2025-06-01,Customer Support,0,3,3.1,2.0,2.8,0,1,1,0,5.4,0
123,2025-07-01,Customer Support,1,3,3.7,3.0,2.9,0,1,1,0,7.6,0
123,2025-08-01,Customer Support,1,3,2.6,2.2,3.0,0,0,0,0,11.1,0
123,2025-09-01,Customer Support,0,4,3.5,2.1,3.1,0,0,0,1,7.4,0
123,2025-10-01,Customer Support,0,3,3.0,3.7,3.1,0,0,0,0,2.7,0
123,2025-11-01,Customer Support,0,4,3.6,2.6,3.2,0,0,1,0,2.1,0
123,2025-12-01,Customer Support,0,4,3.6,2.4,3.3,0,0,1,0,2.2,0
124,2025-01-01,Sales,1,3,3.5,4.4,4.0,1,0,1,0,4.0,0
124,2025-02-01,Sales,0,3,3.3,4.5,4.1,0,1,0,1,6.0,0
124,2025-03-01,Sales,1,3,3.8,3.9,4.2,0,1,0,0,7.9,0
124,2025-04-01,Sales,1,5,3.3,3.9,4.2,0,0,0,0,6.4,0
124,2025-05-01,Sales,0,4,4.0,3.1,4.3,0,0,0,0,2.3,0
124,2025-06-01,Sales,0,3,3.7,4.1,4.4,0,0,1,0,1.0,0
124,2025-07-01,Sales,1,4,4.2,4.3,4.5,0,0,0,0,3.6,0
124,2025-08-01,Sales,0,4,4.0,3.8,4.6,1,0,1,0,1.8,0
124,2025-09-01,Sales,0,3,4.2,3.4,4.7,0,0,0,0,1.6,0
124,2025-10-01,Sales,1,2,3.7,3.5,4.8,0,0,1,0,2.4,0
124,2025-11-01,Sales,0,3,4.0,3.1,4.8,0,1,0,0,3.7,0
124,2025-12-01,Sales,1,4,4.2,4.0,4.9,1,1,1,0,7.2,0
125,2025-01-01,Engineering,0,3,3.4,4.1,0.6,0,0,1,0,1.7,0
125,2025-02-01,Engineering,0,3,4.1,3.7,0.7,0,0,0,0,2.5,0
125,2025-03-01,Engineering,0,3,3.9,3.7,0.8,1,0,0,1,7.4,1
126,2025-01-01,Operations,1,3,3.4,3.3,1.9,1,0,1,0,7.2,0
126,2025-02-01,Operations,1,5,3.8,3.0,2.0,0,0,1,0,5.6,0
126,2025-03-01,Operations,0,3,3.1,3.7,2.1,1,0,0,0,4.8,0
126,2025-04-01,Operations,0,3,3.5,2.2,2.1,0,0,1,0,2.4,0
126,2025-05-01,Operations,0,3,4.0,3.4,2.2,0,0,1,0,1.4,0
126,2025-06-01,Operations,0,2,3.2,2.8,2.3,0,0,1,0,1.9,0
126,2025-07-01,Operations,1,2,3.4,3.5,2.4,0,0,1,0,3.5,0
126,2025-08-01,Operations,0,3,3.3,2.2,2.5,0,0,1,0,2.5,0
126,2025-09-01,Operations,0,3,3.5,3.4,2.6,0,0,0,0,2.6,0
126,2025-10-01,Operations,0,5,4.5,3.8,2.6,0,0,0,0,2.2,0
126,2025-11-01,Operations,0,3,3.2,3.4,2.7,0,0,0,1,5.1,0
126,2025-12-01,Operations,0,4,3.7,3.5,2.8,0,0,0,0,2.7,0
127,2025-01-01,Sales,1,3,3.8,3.9,4.8,1,0,1,0,3.8,0
127,2025-02-01,Sales,1,2,4.3,2.4,4.9,0,0,0,0,4.3,0
127,2025-03-01,Sales,1,2,3.3,2.9,5.0,1,0,0,0,8.1,0
127,2025-04-01,Sales,0,4,2.9,2.0,5.0,0,0,0,0,4.2,0
127,2025-05-01,Sales,0,3,2.8,2.5,5.1,0,0,0,0,3.3,0
127,2025-06-01,Sales,1,2,3.3,3.5,5.2,0,0,1,0,2.6,0
127,2025-07-01,Sales,1,3,3.2,2.6,5.3,0,0,1,0,4.0,0
127,2025-08-01,Sales,0,5,3.7,3.3,5.4,0,0,1,0,1.5,0
127,2025-09-01,Sales,1,2,3.6,3.4,5.5,0,0,1,0,2.3,0
127,2025-10-01,Sales,0,3,2.3,3.2,5.5,0,1,0,1,10.2,0
127,2025-11-01,Sales,0,3,1.7,2.4,5.6,0,0,0,0,4.6,0
127,2025-12-01,Sales,1,3,2.1,2.6,5.7,0,0,0,1,14.8,0
128,2025-01-01,Sales,1,3,3.5,2.2,5.8,1,0,1,0,6.1,0
128,2025-02-01,Sales,1,3,2.3,2.7,5.9,0,0,1,1,8.5,0
128,2025-03-01,Sales,1,3,3.0,2.1,6.0,0,0,0,0,7.2,0
128,2025-04-01,Sales,1,3,2.6,2.9,6.0,0,0,0,0,6.6,0
128,2025-05-01,Sales,0,2,2.8,2.6,6.1,0,0,0,0,2.4,0
128,2025-06-01,Sales,1,4,2.3,2.2,6.2,1,0,0,0,15.3,0
128,2025-07-01,Sales,1,2,3.6,2.6,6.3,0,0,1,0,2.7,0
128,2025-08-01,Sales,0,3,2.5,2.9,6.4,0,1,0,0,5.4,0
128,2025-09-01,Sales,0,3,3.3,1.6,6.5,0,0,0,0,3.0,0
128,2025-10-01,Sales,0,4,3.0,2.4,6.5,0,0,0,0,3.1,0
128,2025-11-01,Sales,1,2,2.5,2.1,6.6,1,0,1,0,6.9,0
128,2025-12-01,Sales,1,5,2.9,2.6,6.7,0,0,0,0,8.0,0
129,2025-01-01,Sales,0,3,4.0,3.3,2.0,0,0,1,0,1.5,0
129,2025-02-01,Sales,0,3,4.5,3.0,2.1,0,0,1,0,1.4,0
129,2025-03-01,Sales,0,3,5.0,1.7,2.2,0,0,1,1,3.0,0
129,2025-04-01,Sales,1,3,4.4,3.4,2.2,0,0,0,0,4.9,0
129,2025-05-01,Sales,0,4,3.8,1.9,2.3,0,1,0,0,8.5,0
129,2025-06-01,Sales,1,4,4.1,3.3,2.4,1,0,0,0,9.9,0
129,2025-07-01,Sales,1,3,4.2,2.6,2.5,0,0,1,0,3.9,0
129,2025-08-01,Sales,0,3,3.5,3.4,2.6,1,0,0,0,4.3,0
129,2025-09-01,Sales,1,4,4.4,2.9,2.7,0,0,1,0,3.8,0
129,2025-10-01,Sales,1,3,4.0,3.6,2.8,0,0,1,0,3.0,0
129,2025-11-01,Sales,0,3,4.8,2.8,2.8,0,0,1,0,1.2,0
129,2025-12-01,Sales,0,3,4.9,2.6,2.9,0,0,0,0,2.0,0
130,2025-01-01,Operations,1,3,2.3,3.9,0.4,0,0,0,0,10.2,0
130,2025-02-01,Operations,1,4,3.7,3.8,0.5,0,0,0,0,7.6,0
130,2025-03-01,Operations,0,3,3.3,4.4,0.6,0,0,1,0,1.6,0
130,2025-04-01,Operations,0,3,3.1,4.1,0.7,0,0,1,0,1.9,1
131,2025-01-01,Customer Support,0,2,2.6,3.8,3.9,0,0,0,0,2.4,0
131,2025-02-01,Customer Support,1,4,2.5,2.5,4.0,0,1,0,0,19.7,0
131,2025-03-01,Customer Support,0,3,2.5,3.5,4.1,0,1,0,1,10.3,0
131,2025-04-01,Customer Support,1,5,3.2,2.4,4.2,1,0,1,0,10.0,1
132,2025-01-01,Engineering,0,3,3.1,2.2,0.7,0,0,1,0,3.3,0
132,2025-02-01,Engineering,0,4,2.7,3.0,0.8,0,1,0,1,17.6,0
132,2025-03-01,Engineering,0,3,3.1,4.2,0.9,0,0,1,0,1.8,0
132,2025-04-01,Engineering,1,1,4.3,2.8,0.9,0,1,1,0,6.3,1
133,2025-01-01,Sales,0,4,3.9,2.8,3.9,0,0,1,0,1.7,0
133,2025-02-01,Sales,0,2,4.4,3.3,4.0,0,0,1,0,0.9,0
133,2025-03-01,Sales,0,4,3.9,2.5,4.1,0,0,1,0,1.8,0
133,2025-04-01,Sales,0,3,2.6,2.9,4.2,0,0,0,0,3.4,0
133,2025-05-01,Sales,0,5,4.0,2.8,4.2,0,0,1,0,1.8,0
133,2025-06-01,Sales,0,5,3.6,2.7,4.3,0,0,1,0,2.1,0
133,2025-07-01,Sales,1,4,3.1,2.8,4.4,0,0,1,0,5.0,0
133,2025-08-01,Sales,1,5,4.5,2.4,4.5,0,0,1,0,4.0,0
133,2025-09-01,Sales,0,3,3.0,3.6,4.6,0,0,1,0,1.4,0
133,2025-10-01,Sales,0,2,3.1,2.9,4.7,0,0,1,0,1.5,0
133,2025-11-01,Sales,0,4,4.0,3.2,4.7,0,1,1,0,2.6,0
133,2025-12-01,Sales,1,3,3.7,3.7,4.8,0,0,0,0,4.2,0
134,2025-01-01,Sales,1,4,2.7,3.0,3.5,0,1,0,0,17.3,0
134,2025-02-01,Sales,0,5,2.0,3.1,3.6,0,0,0,0,5.7,0
134,2025-03-01,Sales,0,3,2.3,2.7,3.7,0,0,0,0,4.3,0
134,2025-04-01,Sales,0,3,2.0,3.4,3.8,0,1,0,0,7.4,0
134,2025-05-01,Sales,0,2,1.9,3.2,3.8,0,1,1,0,4.4,0
134,2025-06-01,Sales,0,3,2.1,3.3,3.9,0,0,0,0,3.8,0
134,2025-07-01,Sales,0,5,2.0,4.1,4.0,0,1,0,1,13.5,0
134,2025-08-01,Sales,0,1,2.0,2.2,4.1,0,0,0,0,3.9,0
134,2025-09-01,Sales,0,3,2.0,3.1,4.2,0,0,0,0,4.0,0
134,2025-10-01,Sales,1,4,2.4,2.8,4.2,0,0,0,0,10.1,0
134,2025-11-01,Sales,0,2,1.8,3.5,4.3,0,0,0,0,3.2,0
134,2025-12-01,Sales,0,3,2.0,2.6,4.4,0,1,1,0,5.4,0
135,2025-01-01,Sales,0,4,3.6,2.8,3.2,0,0,1,0,2.0,0
135,2025-02-01,Sales,0,5,3.6,3.7,3.3,0,0,1,0,1.8,0
135,2025-03-01,Sales,0,5,3.4,3.4,3.4,0,0,1,0,2.0,0
135,2025-04-01,Sales,0,5,3.8,2.8,3.5,0,1,1,0,4.1,0
135,2025-05-01,Sales,0,3,4.0,3.1,3.5,0,1,0,1,7.6,0
135,2025-06-01,Sales,0,2,4.6,4.1,3.6,0,0,1,0,0.7,0
135,2025-07-01,Sales,1,1,3.9,2.9,3.7,0,1,0,0,8.1,0
135,2025-08-01,Sales,0,3,3.5,2.1,3.8,0,0,1,0,2.1,0
135,2025-09-01,Sales,0,4,3.3,3.4,3.9,0,0,0,0,2.8,0
135,2025-10-01,Sales,0,5,3.5,3.6,4.0,0,0,0,0,2.8,0
135,2025-11-01,Sales,0,4,4.4,2.8,4.0,0,1,1,0,2.8,0
135,2025-12-01,Sales,0,2,3.7,2.4,4.1,0,0,0,0,2.4,0
136,2025-01-01,Operations,0,2,3.3,3.0,0.2,1,0,1,0,3.6,1
137,2025-01-01,Engineering,0,3,3.3,2.9,0.7,0,0,0,1,7.2,1
138,2025-01-01,Operations,1,4,3.6,1.2,3.8,1,0,1,1,18.6,0
138,2025-02-01,Operations,0,4,3.1,2.1,3.9,0,0,0,0,4.4,0
138,2025-03-01,Operations,0,4,4.4,3.4,4.0,0,0,1,1,2.1,0
138,2025-04-01,Operations,0,2,2.8,2.6,4.0,0,1,0,1,10.5,0
138,2025-05-01,Operations,1,3,3.4,1.6,4.1,0,0,0,0,9.0,0
138,2025-06-01,Operations,0,4,3.4,2.5,4.2,0,0,1,0,2.1,0
138,2025-07-01,Operations,0,3,3.5,2.7,4.3,0,0,1,0,1.6,0
138,2025-08-01,Operations,0,3,3.4,1.8,4.4,0,0,0,0,3.5,0
138,2025-09-01,Operations,1,2,3.2,1.9,4.5,0,1,1,0,8.9,1
139,2025-01-01,Engineering,0,3,3.2,2.8,1.8,0,0,1,1,4.2,0
139,2025-02-01,Engineering,0,2,2.9,3.3,1.9,0,0,0,1,5.6,0
139,2025-03-01,Engineering,1,2,2.4,2.4,2.0,0,0,0,0,10.9,0
139,2025-04-01,Engineering,1,4,2.3,3.2,2.0,1,1,0,1,44.9,1
140,2025-01-01,Operations,0,2,2.5,2.8,0.5,0,1,1,0,5.9,1
141,2025-01-01,Sales,0,3,1.8,3.3,0.4,0,0,0,0,6.2,0
141,2025-02-01,Sales,0,5,2.5,3.8,0.5,0,0,1,0,3.5,0
141,2025-03-01,Sales,1,2,2.0,2.3,0.6,0,0,0,0,14.7,0
141,2025-04-01,Sales,0,3,2.0,2.7,0.7,0,0,1,1,7.3,0
141,2025-05-01,Sales,0,5,2.6,2.8,0.7,1,0,1,0,7.0,0
141,2025-06-01,Sales,1,4,2.1,2.6,0.8,1,0,0,0,24.8,0
141,2025-07-01,Sales,1,2,1.4,2.7,0.9,0,0,0,0,15.3,0
141,2025-08-01,Sales,0,4,3.0,2.7,1.0,0,0,1,0,3.3,0
141,2025-09-01,Sales,1,4,2.8,2.2,1.1,0,0,0,0,14.5,0
141,2025-10-01,Sales,0,4,1.9,2.5,1.1,0,0,0,0,8.0,0
141,2025-11-01,Sales,1,4,1.7,3.1,1.2,1,0,0,1,36.1,0
141,2025-12-01,Sales,0,5,1.8,2.5,1.3,0,1,0,0,17.0,0
142,2025-01-01,Engineering,0,3,2.7,2.9,0.4,0,0,0,0,5.2,1
143,2025-01-01,Engineering,0,4,2.8,2.0,0.6,0,0,0,0,7.2,0
143,2025-02-01,Engineering,1,1,2.7,2.0,0.7,0,0,0,0,11.1,0
143,2025-03-01,Engineering,1,3,3.6,3.0,0.8,0,0,1,0,5.2,1
144,2025-01-01,Engineering,0,3,1.5,2.3,5.8,0,1,0,0,9.4,0
144,2025-02-01,Engineering,1,4,2.4,2.4,5.9,0,0,0,0,9.4,0
144,2025-03-01,Engineering,0,4,2.5,2.8,6.0,0,0,0,0,3.4,0
144,2025-04-01,Engineering,1,3,2.0,2.0,6.0,0,0,0,0,10.2,0
144,2025-05-01,Engineering,0,4,2.7,3.0,6.1,0,0,0,0,3.0,0
144,2025-06-01,Engineering,1,3,2.5,2.6,6.2,1,0,0,0,11.4,0
144,2025-07-01,Engineering,0,4,1.7,2.7,6.3,0,0,0,0,4.5,0
144,2025-08-01,Engineering,0,2,2.6,1.8,6.4,0,0,0,1,5.6,0
144,2025-09-01,Engineering,0,2,2.4,3.1,6.5,1,0,1,0,2.3,0
144,2025-10-01,Engineering,0,2,2.1,2.4,6.5,1,1,1,1,10.6,0
144,2025-11-01,Engineering,1,4,2.7,2.2,6.6,0,0,0,0,8.3,0
144,2025-12-01,Engineering,0,4,1.3,2.7,6.7,1,0,1,1,8.6,0
145,2025-01-01,Engineering,0,3,3.9,4.0,4.5,0,0,1,0,0.9,0
145,2025-02-01,Engineering,0,3,3.2,2.9,4.6,0,0,1,0,1.6,0
145,2025-03-01,Engineering,0,2,3.3,2.7,4.7,0,0,0,0,2.3,0
145,2025-04-01,Engineering,0,4,3.6,3.8,4.8,0,0,0,0,2.0,0
145,2025-05-01,Engineering,0,2,3.8,4.0,4.8,0,0,1,0,0.8,0
145,2025-06-01,Engineering,1,3,3.3,3.1,4.9,0,0,1,0,3.5,0
145,2025-07-01,Engineering,0,3,3.8,3.1,5.0,0,0,1,0,1.2,0
145,2025-08-01,Engineering,0,4,2.6,4.7,5.1,1,0,0,0,3.4,0
145,2025-09-01,Engineering,0,3,4.0,3.5,5.2,0,0,0,0,1.6,0
145,2025-10-01,Engineering,0,3,3.2,2.5,5.2,0,0,1,0,1.7,0
145,2025-11-01,Engineering,0,3,3.6,3.8,5.3,0,1,0,0,3.3,0
145,2025-12-01,Engineering,1,5,3.7,3.1,5.4,0,0,1,0,3.8,0
146,2025-01-01,Sales,0,2,3.8,2.4,3.3,0,0,0,0,2.5,0
146,2025-02-01,Sales,0,3,3.7,2.7,3.4,0,1,1,0,3.3,0
146,2025-03-01,Sales,0,3,4.5,1.7,3.5,0,1,1,0,3.4,0
146,2025-04-01,Sales,0,3,4.0,1.4,3.5,0,0,0,0,3.6,0
146,2025-05-01,Sales,0,5,3.0,2.0,3.6,0,0,0,0,5.6,0
146,2025-06-01,Sales,0,4,4.0,1.9,3.7,0,0,1,0,2.2,0
146,2025-07-01,Sales,0,4,4.7,2.4,3.8,0,0,1,0,1.4,0
146,2025-08-01,Sales,0,4,5.0,2.5,3.9,0,0,1,0,1.3,0
146,2025-09-01,Sales,0,5,4.7,2.1,4.0,0,0,0,0,2.9,0
146,2025-10-01,Sales,0,3,3.9,3.1,4.0,0,0,0,0,2.1,0
146,2025-11-01,Sales,0,1,4.5,2.1,4.1,0,1,1,1,3.7,0
146,2025-12-01,Sales,1,4,4.2,1.5,4.2,1,0,1,0,8.1,1
147,2025-01-01,Customer Support,1,2,3.1,3.0,0.5,0,0,0,0,8.7,0
147,2025-02-01,Customer Support,1,4,3.3,3.2,0.6,0,0,0,0,10.1,0
147,2025-03-01,Customer Support,0,3,4.0,2.5,0.7,0,0,0,0,3.6,0
147,2025-04-01,Customer Support,1,2,3.2,2.8,0.8,0,0,0,1,14.7,0
147,2025-05-01,Customer Support,1,3,3.7,2.3,0.8,0,0,1,0,6.1,0
147,2025-06-01,Customer Support,1,4,4.1,3.0,0.9,0,0,0,0,8.0,0
147,2025-07-01,Customer Support,0,2,3.9,2.3,1.0,0,0,1,0,2.0,0
147,2025-08-01,Customer Support,1,4,3.1,2.5,1.1,0,0,0,0,12.3,0
147,2025-09-01,Customer Support,1,3,3.6,2.5,1.2,0,0,1,1,9.9,1
148,2025-01-01,Engineering,1,2,3.8,2.4,1.3,0,0,0,0,7.5,0
148,2025-02-01,Engineering,1,4,3.7,3.3,1.4,0,0,0,0,7.9,0
148,2025-03-01,Engineering,1,3,3.8,2.0,1.5,0,0,1,0,6.0,0
148,2025-04-01,Engineering,0,5,2.8,2.6,1.6,0,0,0,0,6.3,0
148,2025-05-01,Engineering,1,2,3.9,2.7,1.6,0,0,1,0,4.0,0
148,2025-06-01,Engineering,0,3,3.1,2.8,1.7,0,0,0,0,4.0,0
148,2025-07-01,Engineering,1,3,3.5,2.4,1.8,0,0,1,0,5.7,0
148,2025-08-01,Engineering,0,2,3.1,2.8,1.9,0,0,0,0,3.4,0
148,2025-09-01,Engineering,1,4,4.2,1.9,2.0,0,0,0,0,9.3,0
148,2025-10-01,Engineering,1,3,4.0,3.7,2.0,0,0,1,0,3.2,1
149,2025-01-01,Sales,0,4,2.9,4.4,5.0,0,0,0,1,3.8,0
149,2025-02-01,Sales,0,4,3.5,4.1,5.1,0,1,0,1,6.5,0
149,2025-03-01,Sales,1,4,3.0,3.5,5.2,0,0,0,0,6.2,0
149,2025-04-01,Sales,1,2,2.8,4.2,5.2,0,0,0,0,4.1,0
149,2025-05-01,Sales,0,2,2.9,4.2,5.3,0,0,1,0,1.0,0
149,2025-06-01,Sales,0,3,2.7,3.7,5.4,1,0,0,0,3.7,0
149,2025-07-01,Sales,1,3,2.7,4.2,5.5,0,0,0,0,4.7,0
149,2025-08-01,Sales,1,2,2.9,4.8,5.6,0,0,0,0,3.1,0
149,2025-09-01,Sales,0,3,2.8,4.0,5.7,0,0,0,1,3.5,0
149,2025-10-01,Sales,0,3,2.7,3.4,5.8,0,1,0,1,8.2,0
149,2025-11-01,Sales,0,4,2.8,4.1,5.8,0,0,0,0,2.2,0
149,2025-12-01,Sales,0,3,4.2,4.0,5.9,0,0,0,0,1.2,0
150,2025-01-01,Operations,0,3,3.7,2.8,1.7,0,0,0,0,3.3,0
150,2025-02-01,Operations,0,3,3.5,3.7,1.8,0,0,1,0,1.6,0
150,2025-03-01,Operations,0,2,3.6,3.0,1.9,0,0,0,0,2.7,0
150,2025-04-01,Operations,1,5,2.9,2.8,1.9,0,0,1,0,8.1,0
150,2025-05-01,Operations,1,4,3.5,3.8,2.0,0,0,1,1,7.6,0
150,2025-06-01,Operations,1,3,2.7,3.3,2.1,1,0,0,0,13.7,1
